email,password
dubem@io1,NSLLXJSU
dubem@io2,MQJJVLGY
dubem@io3,MEXFOBEB
dubem@io4,CNHDMCBY
dubem@io5,GXALNIJD
dubem@io6,EPXSWBVG
dubem@io7,VMFFJKAE
dubem@io8,HQKKUURZ
dubem@io9,EYYDSLDT
dubem@io10,QVEZBGZM
dubem@io11,XAYBDIAX
dubem@io12,LXMOOESD
dubem@io13,NVVXIIIL
dubem@io14,KDZIOLLM
dubem@io15,HJTYMTIC
dubem@io16,AUTVHYQZ
dubem@io17,BLTVGVDH
dubem@io18,PUROIDAH
dubem@io19,NXFRREXY
dubem@io20,JOSYDLIQ
dubem@io21,DCFNWLQH
dubem@io22,LMRZWYYD
dubem@io23,JUUYHFRD
dubem@io24,WXVGXIDB
dubem@io25,SKMDQORJ
dubem@io26,ZFAOWHIA
dubem@io27,SITJXIDT
dubem@io28,NFSVUCIP
dubem@io29,NWTUOOAD
dubem@io30,LETWLXEE
dubem@io31,OHOQFPYO
dubem@io32,IFLLXFNM
dubem@io33,TSNYVSPA
dubem@io34,BGNVQTOB
dubem@io35,JUUCUBDN
dubem@io36,TGONTGVM
dubem@io37,MRSPIHMZ
dubem@io38,YNWFZUSR
dubem@io39,WUWLUIRE
dubem@io40,ZEOHAXSZ
dubem@io41,MFPWWWLP
dubem@io42,SPYAIHNI
dubem@io43,SPXKDLHU
dubem@io44,XSGIUPVN
dubem@io45,UXSYMRQE
dubem@io46,KYXKSIGJ
dubem@io47,DKKJIAEX
dubem@io48,CGIWPAGS
dubem@io49,HDAJBXBX
dubem@io50,LEVLHKEO
dubem@io51,FMUFTVNO
dubem@io52,VHKXTYMP
dubem@io53,BDRUSZUB
dubem@io54,TJUUCGNB
dubem@io55,KYOIRZPV
dubem@io56,CANQOWCW
dubem@io57,XMKZIWRF
dubem@io58,SOACTQZI
dubem@io59,AIPUAYRT
dubem@io60,RDGXFSOQ
dubem@io61,ZSOUGQHI
dubem@io62,CWLMOSKU
dubem@io63,AOMJCGNA
dubem@io64,JYLBNYBO
dubem@io65,TCNVCXEL
dubem@io66,MRNOKZIR
dubem@io67,BYLTXXAF
dubem@io68,CUWWIRZG
dubem@io69,RYLPKIAV
dubem@io70,HMVOKFPI
dubem@io71,FMZSEXQW
dubem@io72,PDNJBNBB
dubem@io73,QQGBHRMI
dubem@io74,RUMCQMDE
dubem@io75,HYFDYLJX
dubem@io76,QGQBUOJO
dubem@io77,MRLXYYBY
dubem@io78,UITJCUAI
dubem@io79,RVBXKHVQ
dubem@io80,WNDVMUXX
dubem@io81,TOTXHUVT
dubem@io82,LRLEBXKV
dubem@io83,COMLHVLH
dubem@io84,TQXCDLGQ
dubem@io85,TILKIWHD
dubem@io86,PAAPCHUM
dubem@io87,QWWGRKUI
dubem@io88,THBKLABL
dubem@io89,APZUDWQU
dubem@io90,WJXTOYZV
dubem@io91,SKBVLGUC
dubem@io92,HCTDOGTN
dubem@io93,PRUFHGRR
dubem@io94,TZSGJXNE
dubem@io95,HBQVDYGW
dubem@io96,ZEUMRZAK
dubem@io97,RKXHNXLE
dubem@io98,KPCQNKVQ
dubem@io99,FQFHGBFC
dubem@io100,WHXSHVOK
dubem@io101,YCLADCTB
dubem@io102,RWNIWKCI
dubem@io103,AECAFYTO
dubem@io104,IOHJWLZE
dubem@io105,NYHGYNXK
dubem@io106,FKSQBUSH
dubem@io107,INUFNBRR
dubem@io108,JZUTNGNN
dubem@io109,LKGVSKJM
dubem@io110,BMOAJWWO
dubem@io111,NXKZAPZI
dubem@io112,SJGHCXEA
dubem@io113,QXTLNYSE
dubem@io114,MWGOYEIX
dubem@io115,WXAXUYCQ
dubem@io116,LNLYPVTB
dubem@io117,BPTZSDQL
dubem@io118,ZEROILOY
dubem@io119,CDQZLPSF
dubem@io120,LXNKKWMR
dubem@io121,ZCJUUIIA
dubem@io122,GKIOGMMD
dubem@io123,TAMYZHBJ
dubem@io124,QMMVUEAA
dubem@io125,AYPKGMQE
dubem@io126,HAHWEIAN
dubem@io127,NRTPOIYH
dubem@io128,ZQJRGADK
dubem@io129,WGKZXPLC
dubem@io130,TBOHAQJL
dubem@io131,EDPIIOER
dubem@io132,DKSQUOLA
dubem@io133,ZRYYYXAI
dubem@io134,GLLIOWMU
dubem@io135,WBGAJCHF
dubem@io136,TWZHENHF
dubem@io137,UPMBNAZL
dubem@io138,VUPYGNFK
dubem@io139,NMXZDTZO
dubem@io140,AINLTMWF
dubem@io141,KLAZEXWW
dubem@io142,VKDZNYNI
dubem@io143,MWVMQPLL
dubem@io144,DMRXOLBP
dubem@io145,SENDOQCU
dubem@io146,OAREKWBM
dubem@io147,OENMRYOG
dubem@io148,PGEGQGKA
dubem@io149,YNFRHKIU
dubem@io150,FPWDUUZI
dubem@io151,XHHLOIQE
dubem@io152,MFTNNJVH
dubem@io153,HBNDXCFP
dubem@io154,SIHTCEOM
dubem@io155,XASAJFDV
dubem@io156,RAWMOUXW
dubem@io157,JNSWTIRW
dubem@io158,LOGAXIND
dubem@io159,LSMSRARM
dubem@io160,RYHHCJCW
dubem@io161,CHBAFQUK
dubem@io162,JIZPPDKA
dubem@io163,FNEGIQCX
dubem@io164,DKTHJWAH
dubem@io165,VBPMVTXO
dubem@io166,GEWSSBGY
dubem@io167,FYKWZMSO
dubem@io168,DLIJYATO
dubem@io169,INMOCZYY
dubem@io170,KPSRDWQH
dubem@io171,BMTCJDOQ
dubem@io172,SSKFZONS
dubem@io173,YMGIMBLG
dubem@io174,WBECNMJQ
dubem@io175,LTOYCVOI
dubem@io176,JSOCIBDU
dubem@io177,OUYCEXHY
dubem@io178,ZXJUQATW
dubem@io179,TICDIUZA
dubem@io180,IYIICRFV
dubem@io181,WITPVBWQ
dubem@io182,IFWYKKFB
dubem@io183,NFJRHVNP
dubem@io184,GDNFDPKZ
dubem@io185,NVAXQEZB
dubem@io186,PYANZVIU
dubem@io187,PLLXCNKV
dubem@io188,WVXADVUU
dubem@io189,SYYBLBXE
dubem@io190,LSMKUGDP
dubem@io191,ZDFQLMZW
dubem@io192,HUFNFXDF
dubem@io193,BGZBDXMK
dubem@io194,OKKCETHD
dubem@io195,HCIRIERI
dubem@io196,ARSCBMGL
dubem@io197,DVDGPXJD
dubem@io198,HKYCUYJG
dubem@io199,NPUCPEOA
dubem@io200,TUNVJRXA
dubem@io201,PIPPAGOK
dubem@io202,VIVZQTAE
dubem@io203,FLCSUPBT
dubem@io204,NQPNOOXE
dubem@io205,BOPTBICR
dubem@io206,ORPALUBT
dubem@io207,XFEMPMCA
dubem@io208,UVVMXNSX
dubem@io209,MVHOZVVK
dubem@io210,ZZABPVLN
dubem@io211,UUITKXYB
dubem@io212,AJEGTXSW
dubem@io213,DSTKCAGX
dubem@io214,GTQNUQEP
dubem@io215,YKDWSYSG
dubem@io216,VGCRADAL
dubem@io217,YTTPIHUB
dubem@io218,PFGLPCQN
dubem@io219,ZZIAEVEJ
dubem@io220,HGZVJJDB
dubem@io221,SSJGZROA
dubem@io222,LLSXXGNS
dubem@io223,FGKJQNNX
dubem@io224,KKEVXQDR
dubem@io225,DXEPDRHY
dubem@io226,PARZRWZY
dubem@io227,XMWWYYLL
dubem@io228,DOQFVDKK
dubem@io229,OXVOIYIW
dubem@io230,MNUCPTPS
dubem@io231,RVOLKAEP
dubem@io232,XKJTAHMZ
dubem@io233,VHKVDGNU
dubem@io234,LPBCARAZ
dubem@io235,TQEHNIXV
dubem@io236,OWVWDJZA
dubem@io237,VABATLYD
dubem@io238,UKKDWKTU
dubem@io239,KCFFSNAH
dubem@io240,CAEEYJCM
dubem@io241,TFSWXNWF
dubem@io242,SCZDGVAA
dubem@io243,QSDXQZYZ
dubem@io244,RACRHQSP
dubem@io245,BYQDXWCF
dubem@io246,NVAXNCGC
dubem@io247,GUQAKHWB
dubem@io248,XNISQEEV
dubem@io249,RZXPQMZK
dubem@io250,NXJCRXEW
dubem@io251,AUWGVRVG
dubem@io252,YQXSZNMW
dubem@io253,LMOBMYNN
dubem@io254,OUENRAGX
dubem@io255,SCGUZQSN
dubem@io256,IBIMAZJR
dubem@io257,SHKLBNML
dubem@io258,SCMHLLDL
dubem@io259,GNOLPMXV
dubem@io260,UVNXGVZY
dubem@io261,GJGVIJXK
dubem@io262,TGQDBKZR
dubem@io263,HAREZLCG
dubem@io264,LEZRQCHZ
dubem@io265,RBYKAQGZ
dubem@io266,JHFCELAA
dubem@io267,YLORPCEY
dubem@io268,DJPLWXDD
dubem@io269,ABJTOROQ
dubem@io270,OAHSBEXM
dubem@io271,XGNVXQVQ
dubem@io272,JOPAEXDM
dubem@io273,PYIMTKJD
dubem@io274,PQGJFQXX
dubem@io275,XBEZECSF
dubem@io276,RKLETRSZ
dubem@io277,MZASCGSC
dubem@io278,QYWFZUDT
dubem@io279,PDEWTIGL
dubem@io280,UOJYPXTG
dubem@io281,QWWHVZXZ
dubem@io282,XHBYRSQL
dubem@io283,GDNNDBAC
dubem@io284,VHCVCSAY
dubem@io285,HDKPWULG
dubem@io286,JUHZYDCZ
dubem@io287,HSXCQQPY
dubem@io288,EGYXMTSD
dubem@io289,ZNBAQHGZ
dubem@io290,KOWRDJAN
dubem@io291,MGLKTPFL
dubem@io292,XXLZDLYH
dubem@io293,PUSPTZUP
dubem@io294,KJBLXFRY
dubem@io295,XCZTJLBR
dubem@io296,ZTJOPQTQ
dubem@io297,EZCWIERO
dubem@io298,AFRADCBT
dubem@io299,BPQRTPKR
dubem@io300,JMTSMQSI
dubem@io301,XUEZIQNN
dubem@io302,RFMZDALG
dubem@io303,TSBONOWM
dubem@io304,YJJYLCGA
dubem@io305,DCLKINET
dubem@io306,IHEOJPIW
dubem@io307,JKGAAZCN
dubem@io308,YLVKYFJQ
dubem@io309,HLVWBRGJ
dubem@io310,KHPFECXJ
dubem@io311,LQUYTKVB
dubem@io312,DVRTLFDE
dubem@io313,JOFUYMSW
dubem@io314,UPCBNLFF
dubem@io315,TEYWIDCT
dubem@io316,ELGFNATO
dubem@io317,VJURIACW
dubem@io318,KBPSSREO
dubem@io319,OUOGMUKP
dubem@io320,BDCOAMWK
dubem@io321,FRZMKSHL
dubem@io322,TEDUCGXS
dubem@io323,AFXSDXII
dubem@io324,FSFXGRKJ
dubem@io325,ENXJLMAU
dubem@io326,HUFOJRLF
dubem@io327,KGUKVKIV
dubem@io328,DPZUYSGT
dubem@io329,PWSLXYOV
dubem@io330,QASCOHSS
dubem@io331,GOJLQKEF
dubem@io332,PWMBQQHW
dubem@io333,XLVCBVVV
dubem@io334,MRCQSVCB
dubem@io335,LYGHDEEW
dubem@io336,EWTAIYLB
dubem@io337,DGQKBCMZ
dubem@io338,RGFZMUNO
dubem@io339,KPMFMLNF
dubem@io340,BRFOSKCS
dubem@io341,XMRWUBTR
dubem@io342,TQVOFPOS
dubem@io343,PROZPEVU
dubem@io344,WJBZSWDR
dubem@io345,MUYACCWX
dubem@io346,BUJVTKEY
dubem@io347,YTPZPOTI
dubem@io348,USEHWIIV
dubem@io349,ZSPFGZKR
dubem@io350,UAKMYKUB
dubem@io351,KNKMDUYD
dubem@io352,AVAYUSDY
dubem@io353,WUEFGQOQ
dubem@io354,GINPMMEH
dubem@io355,MCROVGIU
dubem@io356,ONPAVXJG
dubem@io357,BYDSXFFL
dubem@io358,BKFSYDKK
dubem@io359,VAFBXTLD
dubem@io360,NWRWOZWY
dubem@io361,CMTNQXMK
dubem@io362,EBURLOFW
dubem@io363,CJNSLLIP
dubem@io364,OAGFZGIA
dubem@io365,POEFFHPQ
dubem@io366,RYFGOEYN
dubem@io367,QFWMHFMW
dubem@io368,VPVVHZSD
dubem@io369,GWOOPZSY
dubem@io370,TCEYZTWN
dubem@io371,HFJACROO
dubem@io372,ARQZTPJY
dubem@io373,ZQKMMQFA
dubem@io374,WNWIFPDU
dubem@io375,YERBBYZY
dubem@io376,GYZCYAWJ
dubem@io377,REDFDLDO
dubem@io378,XTPVBEDI
dubem@io379,ECCSAWPZ
dubem@io380,YYVVXBWI
dubem@io381,PKPVNPAS
dubem@io382,YCSWIMBR
dubem@io383,YYFJYXJH
dubem@io384,ZFNJAUBL
dubem@io385,NOFKDWCC
dubem@io386,CWCSZLQJ
dubem@io387,BQBOQQJP
dubem@io388,FKGDNPTX
dubem@io389,PKQMYZKL
dubem@io390,NNZYRGXE
dubem@io391,KNQVOTDQ
dubem@io392,LMUNSQHR
dubem@io393,SIPLXEJB
dubem@io394,NYZXLRXN
dubem@io395,FKHIAZUY
dubem@io396,PXOLGZXP
dubem@io397,KNSGZZUW
dubem@io398,XWDRZVKF
dubem@io399,YHPSLCIC
dubem@io400,EPUVPCXY
dubem@io401,NNYSUIZF
dubem@io402,WQXIHPKQ
dubem@io403,VRNYPZKG
dubem@io404,TXZXOCCU
dubem@io405,TRJFPJPN
dubem@io406,QZBPPKZI
dubem@io407,FTJRLHKC
dubem@io408,IZUDHQAT
dubem@io409,KWVMGMCC
dubem@io410,AIONIBVY
dubem@io411,BPBEEXTC
dubem@io412,RMLVCJVH
dubem@io413,CEGKMHNQ
dubem@io414,ZTMUKLCP
dubem@io415,ACHTFFXF
dubem@io416,JZCTTQEI
dubem@io417,XQMLUWON
dubem@io418,AUWPPSGC
dubem@io419,NCJVASTX
dubem@io420,AYJAGBPN
dubem@io421,GEKWMALZ
dubem@io422,XIZPLDMB
dubem@io423,HZFUGLBO
dubem@io424,XAMMFFEZ
dubem@io425,SIWQSMPE
dubem@io426,QURPNSTF
dubem@io427,TCRBCTBI
dubem@io428,FTCIEFXR
dubem@io429,EJZMWQGM
dubem@io430,DRLJHMUN
dubem@io431,LUYMSIDK
dubem@io432,DWNPTYOP
dubem@io433,DWLIYQFH
dubem@io434,JLBVHZPJ
dubem@io435,FSZXAHWM
dubem@io436,ULJIAHWZ
dubem@io437,YSLSJUSU
dubem@io438,JKWFOLEW
dubem@io439,FLBEQFYY
dubem@io440,IWMGOHKP
dubem@io441,FWWYCRJA
dubem@io442,RXEASLZY
dubem@io443,IPAVWVYL
dubem@io444,OKMFKNLM
dubem@io445,YASEWOTS
dubem@io446,PSLREERF
dubem@io447,KMFIOVID
dubem@io448,KAKFJLRB
dubem@io449,WQCZBMKQ
dubem@io450,UJXQHMKA
dubem@io451,TGJABLUK
dubem@io452,CCTPNIHW
dubem@io453,CGZUHVLB
dubem@io454,NELGKZEG
dubem@io455,YZGHRXFM
dubem@io456,MDCQEMYU
dubem@io457,YZVIFMUC
dubem@io458,EQSEBXIK
dubem@io459,HSWIYBVO
dubem@io460,HYMCUJAD
dubem@io461,VNMHAFMB
dubem@io462,LJGLIPHS
dubem@io463,HRIKFXTX
dubem@io464,UMSGAYYO
dubem@io465,YOVOJZWJ
dubem@io466,IIWIPSNB
dubem@io467,BXMIXNYM
dubem@io468,FXXBZMCB
dubem@io469,CNJXXBQW
dubem@io470,NIILEDPV
dubem@io471,WRRNWBWM
dubem@io472,BWCVGJYF
dubem@io473,RSCOISMH
dubem@io474,AJVDSAED
dubem@io475,QDJJWSME
dubem@io476,HKIVDGWN
dubem@io477,XBYLUPFN
dubem@io478,WNJWRBCC
dubem@io479,LKEIVFDT
dubem@io480,SSVZANSE
dubem@io481,KITJMVHY
dubem@io482,DYGRFZVI
dubem@io483,CLGIWSRK
dubem@io484,FDJCPKEE
dubem@io485,ZWKAYTBQ
dubem@io486,POLAKHPC
dubem@io487,IGQJMGZW
dubem@io488,WYOYMAGL
dubem@io489,BQWQSMIL
dubem@io490,VURSQSXZ
dubem@io491,YOEJOUKH
dubem@io492,IVYSNQPZ
dubem@io493,LVPKLZND
dubem@io494,QFXAQBAA
dubem@io495,GFHTKRMM
dubem@io496,ARBTYDAC
dubem@io497,JXGVPLPF
dubem@io498,UYVMDPXX
dubem@io499,ZMKKTOHL
dubem@io500,AGLKVNHD
dubem@io501,SFLVUPNV
dubem@io502,SZMFGTRY
dubem@io503,ITTESCXN
dubem@io504,MFHIFUWX
dubem@io505,QPQAWAVA
dubem@io506,VFOWDFKH
dubem@io507,QBDEECLN
dubem@io508,XBNTIPRL
dubem@io509,JMQYOABN
dubem@io510,ADGIWUCK
dubem@io511,BQLOSLOM
dubem@io512,CHUGTPUE
dubem@io513,PXJRUBXR
dubem@io514,VWXMUJHC
dubem@io515,BFMDNBFU
dubem@io516,FMUCQDYS
dubem@io517,NKRGRNSI
dubem@io518,GUSDIGYG
dubem@io519,SNFLVYUU
dubem@io520,VVBBGGOJ
dubem@io521,FGQDHSVS
dubem@io522,SNYNJYST
dubem@io523,QKRYEJGB
dubem@io524,KIKQZMAH
dubem@io525,NVJVFLOX
dubem@io526,SHKSTDJZ
dubem@io527,EFUNKNHZ
dubem@io528,SDFVEVRI
dubem@io529,FSAEPGMD
dubem@io530,LKDZDHGD
dubem@io531,FRWXJBIZ
dubem@io532,WYUKRUTQ
dubem@io533,YYXCPXAC
dubem@io534,DHLZNSQG
dubem@io535,CLMDRNEU
dubem@io536,JXXBVUOL
dubem@io537,IJRGTUZQ
dubem@io538,IJCLQPHB
dubem@io539,GLRHRFTF
dubem@io540,DXAZWGDA
dubem@io541,FRFQQFHF
dubem@io542,PRROUJSP
dubem@io543,DZWSZVIH
dubem@io544,SXZOTPTF
dubem@io545,EHXFTSWJ
dubem@io546,OJBLRYVO
dubem@io547,EHNHJOSQ
dubem@io548,QZJZIEUD
dubem@io549,DAHDJPXD
dubem@io550,MYDPUTAS
dubem@io551,LJJUVIMG
dubem@io552,YSLWAXZB
dubem@io553,NMHWEFTN
dubem@io554,COSNIRYF
dubem@io555,KGQLTQEH
dubem@io556,TSYBYVLM
dubem@io557,AMSPNCJC
dubem@io558,LHSEAXSQ
dubem@io559,CSXZEXQE
dubem@io560,ZCCPLBYY
dubem@io561,YNQSJIPG
dubem@io562,MTDZMXKQ
dubem@io563,YWGZTASO
dubem@io564,TAXOIACE
dubem@io565,JLNOIVKQ
dubem@io566,HAUBFOHB
dubem@io567,FYGMDELM
dubem@io568,WHDVOSCK
dubem@io569,TCLKPXWT
dubem@io570,RLJKNLPH
dubem@io571,EUVLFBGW
dubem@io572,NCATJBVY
dubem@io573,JDNWQVXW
dubem@io574,YQWKLTEE
dubem@io575,RAFSWVEE
dubem@io576,QIUAYIAA
dubem@io577,UWSLBRYM
dubem@io578,VCUFBXQZ
dubem@io579,ATCVVBBX
dubem@io580,JASSVNPM
dubem@io581,NOUGDDLU
dubem@io582,UOYALNZR
dubem@io583,IVPIHVSW
dubem@io584,FBPNDMSG
dubem@io585,BNLTNTSU
dubem@io586,JXKSXXBC
dubem@io587,KYYSDPHH
dubem@io588,CTGMAAHO
dubem@io589,PCUVZNYE
dubem@io590,LWPHPATZ
dubem@io591,KUXHVLGC
dubem@io592,YESQKICG
dubem@io593,WQHNQBLT
dubem@io594,YKALWCSI
dubem@io595,HZEXUDRU
dubem@io596,IPHMFVDS
dubem@io597,BAGUPAWJ
dubem@io598,MBSKHTTO
dubem@io599,RIPABCKF
dubem@io600,KKEXCVMM
dubem@io601,RGFUEXQF
dubem@io602,OTCBVHSB
dubem@io603,QDSYJQSN
dubem@io604,JCNPVQCY
dubem@io605,PEMAOQKZ
dubem@io606,DRFUPCQV
dubem@io607,CRIFIVDB
dubem@io608,CBMBLXML
dubem@io609,XCIYOBVE
dubem@io610,UYEJOJPI
dubem@io611,IFOLPTQO
dubem@io612,RZJONKJK
dubem@io613,FVKFYIVN
dubem@io614,TYUEHAAG
dubem@io615,EZBUMKUF
dubem@io616,FPFUPQVW
dubem@io617,VVSNBCLW
dubem@io618,TUYISXOL
dubem@io619,TTFNBJUZ
dubem@io620,XBTMAFRG
dubem@io621,TQRDSNTD
dubem@io622,ECESAVLD
dubem@io623,MLFRXDCK
dubem@io624,BTEMPVOA
dubem@io625,QGNNWQDU
dubem@io626,XDNAKMPB
dubem@io627,LFHXCZBM
dubem@io628,PQMHKIKN
dubem@io629,RDTHCVGG
dubem@io630,FTROBEFP
dubem@io631,EXEUECXI
dubem@io632,PGSRAEVF
dubem@io633,MDVWIWUV
dubem@io634,DYSPSLCS
dubem@io635,MJHJAHZH
dubem@io636,ENULLBJY
dubem@io637,TSIVRJZE
dubem@io638,UBZAOVSV
dubem@io639,OQZCBRTW
dubem@io640,EOFKFZBP
dubem@io641,NBBONNCH
dubem@io642,ZKCTRAGX
dubem@io643,PTJLVBHN
dubem@io644,JKGSGBFE
dubem@io645,WIDBRLFA
dubem@io646,VDSFZTXR
dubem@io647,CBXIMNKG
dubem@io648,CJGJLJGQ
dubem@io649,HNHCLJPN
dubem@io650,PCYWFESJ
dubem@io651,IDODSDYC
dubem@io652,PNXVPHUN
dubem@io653,CZOYNCCN
dubem@io654,IJFHSONW
dubem@io655,ZGTRCWXO
dubem@io656,UCNGLSEE
dubem@io657,UYYEAFTB
dubem@io658,CIXIAHHV
dubem@io659,LUMYBGWW
dubem@io660,INEXDOEM
dubem@io661,BLTCUMQZ
dubem@io662,KKCSGOWU
dubem@io663,XIBGSPTK
dubem@io664,ZYVSUHAJ
dubem@io665,BEMESWMV
dubem@io666,KAHEUDBY
dubem@io667,BOFJZVJB
dubem@io668,LMMPTHJN
dubem@io669,QMAQOSXN
dubem@io670,LZOHHWVG
dubem@io671,POCXGUHX
dubem@io672,IBCTCHYB
dubem@io673,TKRQEOYL
dubem@io674,WKLLXNUN
dubem@io675,EEXLEKAJ
dubem@io676,OGWOBCSD
dubem@io677,IYNKHYHI
dubem@io678,FMSSLRZS
dubem@io679,ESLNJDHY
dubem@io680,NDUCBWNO
dubem@io681,VKXKXZOB
dubem@io682,YQKJIWOB
dubem@io683,QHAHEUTD
dubem@io684,YUEYIPPM
dubem@io685,PMEZIZQG
dubem@io686,CHSYXQDU
dubem@io687,XTEIQLWV
dubem@io688,BKINJODT
dubem@io689,CHJCCHIT
dubem@io690,JPORFIJZ
dubem@io691,OLPQFSZA
dubem@io692,JTRJVMVI
dubem@io693,MAPGGZOM
dubem@io694,XAVVJMLM
dubem@io695,AWMSQDRN
dubem@io696,XYPTXYXG
dubem@io697,KJRZWTEG
dubem@io698,BUEHHWEY
dubem@io699,KDFLGMCJ
dubem@io700,IMPTGUTY
dubem@io701,ERIZZSUS
dubem@io702,MWOQOCWP
dubem@io703,XOLVVNSG
dubem@io704,JDTZQZYZ
dubem@io705,GTHDJGHM
dubem@io706,XWBWFPLC
dubem@io707,EGLBWQBJ
dubem@io708,LYWHZKIW
dubem@io709,RAIDGTSV
dubem@io710,LXUBMTHX
dubem@io711,IDQQXDNH
dubem@io712,VSCILJNJ
dubem@io713,WEROTNJU
dubem@io714,BJMZWGGL
dubem@io715,PULIXBPF
dubem@io716,HHPTQCQO
dubem@io717,WGIPTCTM
dubem@io718,RZODMBBG
dubem@io719,KBYZMQTB
dubem@io720,GXBZTPJH
dubem@io721,QYFONRAY
dubem@io722,FONXIBFJ
dubem@io723,SYOLUNUJ
dubem@io724,LMUUFBPD
dubem@io725,PLJCXZJS
dubem@io726,YVIDNKCT
dubem@io727,HOEMRCUT
dubem@io728,FSTWTYQW
dubem@io729,ZQZWMZFJ
dubem@io730,CLYAYTIX
dubem@io731,CHPCAHSK
dubem@io732,EIBXNOTH
dubem@io733,QUBQAIYQ
dubem@io734,GXMQPBMN
dubem@io735,OTPSPHMO
dubem@io736,RZXHYSQQ
dubem@io737,SUTWWEYK
dubem@io738,UHFLVAPM
dubem@io739,HPHNFZWQ
dubem@io740,MULXUCSC
dubem@io741,USFRUNGB
dubem@io742,WBMAEVJR
dubem@io743,NBWNQHGN
dubem@io744,IOCJQDNH
dubem@io745,HZUATUIM
dubem@io746,ADRVUZSD
dubem@io747,NBBQXTRH
dubem@io748,YRJBANFT
dubem@io749,RROUXPSG
dubem@io750,AIFHWSFZ
dubem@io751,FZCHSSTU
dubem@io752,LBWHRQVO
dubem@io753,QOXDHVSG
dubem@io754,VMUVNQPU
dubem@io755,FXEEGXLA
dubem@io756,KIWMARSN
dubem@io757,HNTDZDMI
dubem@io758,OPQGESOK
dubem@io759,NUTFIWWO
dubem@io760,ERLNWXVH
dubem@io761,XDNKLIXY
dubem@io762,PFHGRVET
dubem@io763,AINCNGSP
dubem@io764,JXWIIVQE
dubem@io765,KYRWORAU
dubem@io766,EWIJSROO
dubem@io767,PVAYKCSH
dubem@io768,PLDUKDGI
dubem@io769,GUDRRDIR
dubem@io770,CPOZFPJO
dubem@io771,RMZBGDJT
dubem@io772,LBQNIFXG
dubem@io773,QUIFIVQU
dubem@io774,TWCQUXDQ
dubem@io775,IAYALHFV
dubem@io776,FIVNFTAC
dubem@io777,KJGYCNQU
dubem@io778,AEUICCKC
dubem@io779,CVKANHOM
dubem@io780,PEJCYGMK
dubem@io781,WDNYCAYL
dubem@io782,ZMXUPGEZ
dubem@io783,VOZSBSDT
dubem@io784,QGWCZDVT
dubem@io785,HHIEDUSO
dubem@io786,ZBHTGDYK
dubem@io787,TYHHONXG
dubem@io788,PSFANPYI
dubem@io789,KGTOIOSX
dubem@io790,YQWGWVRX
dubem@io791,RMXBPMBB
dubem@io792,JMBMYTBP
dubem@io793,RXITYIBY
dubem@io794,QVIJMOKM
dubem@io795,SXPVQDOL
dubem@io796,LQTMXJWH
dubem@io797,VSLVAASI
dubem@io798,FZAPQAAE
dubem@io799,OQXAEXQT
dubem@io800,HWMCYOHZ
dubem@io801,IDPGEQCJ
dubem@io802,TINLKYQL
dubem@io803,SEFXJQKZ
dubem@io804,AGKFBXGJ
dubem@io805,KAWHABDY
dubem@io806,HABVPPBD
dubem@io807,XESWPPXY
dubem@io808,HZKJKREA
dubem@io809,LDMPFNOG
dubem@io810,FVKOQQEU
dubem@io811,VRPUMCJY
dubem@io812,ZFDELBSE
dubem@io813,IRODTLNT
dubem@io814,OHMZFYMX
dubem@io815,SKYKPBIH
dubem@io816,MZYGKAUO
dubem@io817,QEBRBVWW
dubem@io818,FQBPLBUX
dubem@io819,WHUCSWBM
dubem@io820,KUNUFBKH
dubem@io821,DWYLFWZX
dubem@io822,YUZGIZWZ
dubem@io823,XGFMRAOP
dubem@io824,AREWNZJK
dubem@io825,NAAZSXBW
dubem@io826,UXEWNTQR
dubem@io827,RJGIQBCL
dubem@io828,DDZAUNAU
dubem@io829,LOTVVFMA
dubem@io830,BKEYUAGO
dubem@io831,ZUBMEKUJ
dubem@io832,TJRUAQMC
dubem@io833,NDSOIMBN
dubem@io834,KYHKTBVH
dubem@io835,SSKMIPQJ
dubem@io836,YWXWDCPQ
dubem@io837,EHZHINHM
dubem@io838,CKTAYENA
dubem@io839,MXZLIAPC
dubem@io840,HKUJECKS
dubem@io841,BKMMHDQZ
dubem@io842,LVOCZOZK
dubem@io843,KNDAROMM
dubem@io844,KTOAPOLL
dubem@io845,ZJTCZANU
dubem@io846,ZMIYMUKC
dubem@io847,GDLESDOT
dubem@io848,NGUAUBCU
dubem@io849,TAIZKUPM
dubem@io850,DTIEETGB
dubem@io851,ZTVAYJWJ
dubem@io852,ZHYUKFBW
dubem@io853,WAGESADM
dubem@io854,MGRGMWPN
dubem@io855,MYHFGWVC
dubem@io856,FJCFBAOG
dubem@io857,JUSYZSIS
dubem@io858,QYZSWHZC
dubem@io859,DWABGRKY
dubem@io860,XXIDRJAV
dubem@io861,YHTMJZJY
dubem@io862,EDBGKTSG
dubem@io863,DZINVETX
dubem@io864,XZQEUYFI
dubem@io865,AKGOWVDW
dubem@io866,KDKYGIRP
dubem@io867,UZVQJYTQ
dubem@io868,EZENRFXM
dubem@io869,BLLRZNCT
dubem@io870,HOYJXGQN
dubem@io871,DNWKUTQB
dubem@io872,JFHVPLNG
dubem@io873,KNVPDDWN
dubem@io874,EQJYGRZZ
dubem@io875,ERUWVUHO
dubem@io876,NKYCPTNP
dubem@io877,LRJSRMKT
dubem@io878,CDOPGGLW
dubem@io879,ZBWIMJCP
dubem@io880,DUUPHMYX
dubem@io881,MLWVNRLQ
dubem@io882,FOPIBMDL
dubem@io883,YARXIVSJ
dubem@io884,CVQNNXKT
dubem@io885,BLNFYWMR
dubem@io886,RVKNMMJQ
dubem@io887,BVTUHPMM
dubem@io888,YCUZNRIT
dubem@io889,WVXLQUAK
dubem@io890,NKXYWTJR
dubem@io891,VHEORZBB
dubem@io892,SFXOEZLR
dubem@io893,GCMKGLFO
dubem@io894,RKLNORKB
dubem@io895,AGDOUQTY
dubem@io896,AQSVMSIO
dubem@io897,ITFFASBE
dubem@io898,FEXTBUMQ
dubem@io899,XDGRROVE
dubem@io900,FRVQIPYA
dubem@io901,CQQMVRJG
dubem@io902,WMHNCEEQ
dubem@io903,ASRLTKKP
dubem@io904,ZNJXQMQN
dubem@io905,EMDBDMMV
dubem@io906,ZQBOKKBG
dubem@io907,XQOQBRHH
dubem@io908,EVZIABJW
dubem@io909,KBHXOHLK
dubem@io910,FWIMAQJA
dubem@io911,LXTXPATY
dubem@io912,DMRYFHRU
dubem@io913,LHXUSJSS
dubem@io914,GTGNOSAG
dubem@io915,WTDHMJNA
dubem@io916,BONHJAPN
dubem@io917,WKHTEXAV
dubem@io918,NYKGHKIC
dubem@io919,MHXVPNGQ
dubem@io920,VBXYDLWI
dubem@io921,CNFJACAJ
dubem@io922,KLIYFGKE
dubem@io923,HZWLFSAJ
dubem@io924,TDVDXRFN
dubem@io925,WXBKZQUX
dubem@io926,WRLIJTJD
dubem@io927,ZCCEZQKG
dubem@io928,UONFACYC
dubem@io929,TQAFGBBF
dubem@io930,TEHXDROE
dubem@io931,KKJAQWJW
dubem@io932,EAPEYUBS
dubem@io933,IBNZGNJV
dubem@io934,WGVBVPBD
dubem@io935,GPFCWYXV
dubem@io936,XFCZUESJ
dubem@io937,GPYQVSDC
dubem@io938,HWDABXGD
dubem@io939,BGVSZUHP
dubem@io940,CSMOXOPN
dubem@io941,YGOHOIYU
dubem@io942,JFNVHHPD
dubem@io943,KFUSLOKS
dubem@io944,KLHHNOOJ
dubem@io945,GWDTNTEU
dubem@io946,MEZYAFJQ
dubem@io947,CCPHYZDL
dubem@io948,NQLXYJJW
dubem@io949,DQXGHIZF
dubem@io950,NEQECBYG
dubem@io951,UUTAVLYO
dubem@io952,JTRMURLU
dubem@io953,NKUYBNAT
dubem@io954,NFKXDVOE
dubem@io955,BRWMGUZA
dubem@io956,NWFXEBVU
dubem@io957,YIBVFBTD
dubem@io958,WCHWICKT
dubem@io959,BNUPBBDD
dubem@io960,FVDCEPXS
dubem@io961,QHRDCWFZ
dubem@io962,OUMSWWOD
dubem@io963,CROLRWSX
dubem@io964,GDOKRIQX
dubem@io965,JJSKKKJE
dubem@io966,BWQGJZQX
dubem@io967,FIRHVVQC
dubem@io968,AWNDNDAC
dubem@io969,NTXXMIWT
dubem@io970,XRWEXIQO
dubem@io971,KRCKDJRN
dubem@io972,TPPUPUMC
dubem@io973,DYBICWUD
dubem@io974,UMSSJORE
dubem@io975,WKZNFULM
dubem@io976,CFPQHWFF
dubem@io977,QDZVWHGE
dubem@io978,ZLNPNXDE
dubem@io979,XHZYFHAK
dubem@io980,YBDXHNWN
dubem@io981,BEDWNGDV
dubem@io982,NQOOCDIT
dubem@io983,HUROYWOQ
dubem@io984,EUQAWFFD
dubem@io985,ALOMEMYN
dubem@io986,AFXDRIZK
dubem@io987,XMCYNOSL
dubem@io988,DDCLPQHD
dubem@io989,JFDQKHIZ
dubem@io990,HZOBGOGY
dubem@io991,JWXPCSWQ
dubem@io992,QCHUEJPY
dubem@io993,FITFXHZU
dubem@io994,FJOWKXSC
dubem@io995,NZFYDRWY
dubem@io996,OPCTQDHT
dubem@io997,FKYBCJRR
dubem@io998,AIMQVJGC
dubem@io999,VUJNHGVR
dubem@io1000,IRSZBVNK
dubem@io1001,LIRNBRNV
dubem@io1002,CDWCWXLW
dubem@io1003,WEIGQMIB
dubem@io1004,IIHFQVLO
dubem@io1005,USQQZBSJ
dubem@io1006,KNCESWED
dubem@io1007,CVLMBQFF
dubem@io1008,LLVYKUYU
dubem@io1009,ETTTJDAC
dubem@io1010,PUPPZCJE
dubem@io1011,NEKOGFRL
dubem@io1012,IHSJAODP
dubem@io1013,ETIUGDUC
dubem@io1014,UUOGWBDQ
dubem@io1015,NDCVQINF
dubem@io1016,VFXFCYEZ
dubem@io1017,XJTUYAUT
dubem@io1018,NAOXVNFS
dubem@io1019,RRNQUITE
dubem@io1020,GGBAYYUE
dubem@io1021,ZZQQKMLR
dubem@io1022,ECVXRMNO
dubem@io1023,QVKUOVPB
dubem@io1024,HTPDOMCX
dubem@io1025,STUIFYUM
dubem@io1026,KTZHNZCW
dubem@io1027,CTTUAYBR
dubem@io1028,VQTBMEPK
dubem@io1029,KQAUUWNR
dubem@io1030,OEIFUDXL
dubem@io1031,IRQYWMEA
dubem@io1032,FARNSBCS
dubem@io1033,MYOAMZGP
dubem@io1034,BVOECUUX
dubem@io1035,KPWGHQBK
dubem@io1036,JERFAZMB
dubem@io1037,MGTOYVXG
dubem@io1038,CHMJLBTZ
dubem@io1039,BMSNSNBZ
dubem@io1040,BEKSAZMA
dubem@io1041,BGKTJJQM
dubem@io1042,SVJJJZTE
dubem@io1043,MDCKJYON
dubem@io1044,VYYZTYBT
dubem@io1045,CPSOTYCV
dubem@io1046,PHPSPCKL
dubem@io1047,PYLIEHZR
dubem@io1048,UBOYCWPT
dubem@io1049,XOBBOOQF
dubem@io1050,TVPCQVXY
dubem@io1051,TIXYMTHF
dubem@io1052,SYIVZRAT
dubem@io1053,LUWXQYZQ
dubem@io1054,MJQUXCFH
dubem@io1055,SPKCWOXF
dubem@io1056,QZGIVIWS
dubem@io1057,TRGLDQFQ
dubem@io1058,UBOWDBHC
dubem@io1059,PMPUWKIM
dubem@io1060,MAFXKQFC
dubem@io1061,PDTOYTMO
dubem@io1062,PUUDAVDR
dubem@io1063,YIHYZFNH
dubem@io1064,TJWDRDLN
dubem@io1065,VNCADTRM
dubem@io1066,RJIDZAZS
dubem@io1067,XMABLWII
dubem@io1068,KKLRTQLJ
dubem@io1069,FOAQZWNL
dubem@io1070,LZOMRCJM
dubem@io1071,LJINGKJM
dubem@io1072,KXVIPZQK
dubem@io1073,ORFOXDAA
dubem@io1074,VJYPFISM
dubem@io1075,EEQJQVTF
dubem@io1076,NILZZIMA
dubem@io1077,EXXXYNJU
dubem@io1078,BCDTTMDU
dubem@io1079,HBHLOBKA
dubem@io1080,YRIXAFRI
dubem@io1081,LIOUYCAP
dubem@io1082,NZFNWLEY
dubem@io1083,ASYSTQEG
dubem@io1084,PJEBZMXI
dubem@io1085,ICMBOJCQ
dubem@io1086,WDITBDMN
dubem@io1087,VQCGCRXO
dubem@io1088,MUDVBLGX
dubem@io1089,BZBMIYRZ
dubem@io1090,CTCWFKYM
dubem@io1091,JAEWMWEH
dubem@io1092,YGLPZWQZ
dubem@io1093,XYJOFAFF
dubem@io1094,WTTRPPHN
dubem@io1095,QOFPNRFZ
dubem@io1096,SCNLIHSL
dubem@io1097,FFAFHISI
dubem@io1098,AENQJZFQ
dubem@io1099,XLNTZOFT
dubem@io1100,IGEDFSOB
dubem@io1101,AEHMBUIQ
dubem@io1102,AJCNNFTX
dubem@io1103,UVLBQNGC
dubem@io1104,MQSPJMXC
dubem@io1105,DQJPWTUF
dubem@io1106,MNMOWNGP
dubem@io1107,TUPNMLDG
dubem@io1108,HYLZSEMR
dubem@io1109,WTKHRWUO
dubem@io1110,AYITIZET
dubem@io1111,TBTJIVYD
dubem@io1112,AOBMOOKL
dubem@io1113,YZDAKYQV
dubem@io1114,CRDPYKYQ
dubem@io1115,TNIOZMDL
dubem@io1116,YCMXQRLZ
dubem@io1117,IZMJLHWE
dubem@io1118,QBLIQSRT
dubem@io1119,TYOMRBVT
dubem@io1120,BLQVWMVN
dubem@io1121,DCVBQGBF
dubem@io1122,ARFUCJYJ
dubem@io1123,DRCAPQEG
dubem@io1124,WFEWYOAS
dubem@io1125,ZXWNAMWZ
dubem@io1126,MQYFXXNY
dubem@io1127,BWSFJTMI
dubem@io1128,FQAEQRAM
dubem@io1129,KIMTWGWD
dubem@io1130,KVTLUTAE
dubem@io1131,QLPJTJZD
dubem@io1132,EUVEUBBU
dubem@io1133,YIOBVPIJ
dubem@io1134,NEAOYFCH
dubem@io1135,TAXZTSAT
dubem@io1136,BMZBUCVW
dubem@io1137,BCZRCXPV
dubem@io1138,GNTWBDNC
dubem@io1139,GQROTRNN
dubem@io1140,MIXDKFHE
dubem@io1141,JTCGKXUE
dubem@io1142,PFVLMKPX
dubem@io1143,HHCIHZWJ
dubem@io1144,XBNRKWHJ
dubem@io1145,MCABJYEJ
dubem@io1146,CNOIZHJE
dubem@io1147,CCLUPTRB
dubem@io1148,UVSMWHPE
dubem@io1149,OPHPSWBT
dubem@io1150,QWRYKOYA
dubem@io1151,GTXQLJGU
dubem@io1152,LEHSKMID
dubem@io1153,VQFUNRRS
dubem@io1154,RCMXEZGK
dubem@io1155,TJNZRTPT
dubem@io1156,BCMOTNDQ
dubem@io1157,OBKVMJMP
dubem@io1158,FWQELFVN
dubem@io1159,SJOYWRZY
dubem@io1160,FGLYQUXI
dubem@io1161,XYTSPVNN
dubem@io1162,TUMATYES
dubem@io1163,NMVYJQIP
dubem@io1164,QGZLMUMC
dubem@io1165,LQJRPYRW
dubem@io1166,RGVKQAHB
dubem@io1167,GAWOWBHY
dubem@io1168,CWDEMJMT
dubem@io1169,GCWIWUDX
dubem@io1170,NCKYEGIL
dubem@io1171,LHJIVZOJ
dubem@io1172,ITELCJDX
dubem@io1173,MIHALCPV
dubem@io1174,MEGZEJCT
dubem@io1175,TREGRIOK
dubem@io1176,EVFKVOVX
dubem@io1177,LHTDACPE
dubem@io1178,RZJGENSD
dubem@io1179,TEKRJWXB
dubem@io1180,TFUTZRHI
dubem@io1181,SKDIRGTD
dubem@io1182,DCQCHQRD
dubem@io1183,MFHGCDGP
dubem@io1184,CEZRWUWC
dubem@io1185,OFGZFEYE
dubem@io1186,VHLJOYSY
dubem@io1187,OLQFAJHY
dubem@io1188,LOLMAOZX
dubem@io1189,DROBZHYJ
dubem@io1190,KSCXGXTI
dubem@io1191,WTMGBXSR
dubem@io1192,BOFBOOYD
dubem@io1193,FUDRQMIT
dubem@io1194,GVRYCFYI
dubem@io1195,GAWNNRXR
dubem@io1196,SDZOGWNK
dubem@io1197,ITJVLVDQ
dubem@io1198,BBDTTFPA
dubem@io1199,MONYTNDC
dubem@io1200,GXHJKUQE
dubem@io1201,JSYUFFPD
dubem@io1202,VWRHEPUK
dubem@io1203,OKGUFOJJ
dubem@io1204,SGKENWGU
dubem@io1205,ZARBDXSD
dubem@io1206,TWYIJGFG
dubem@io1207,FBUXAITA
dubem@io1208,OGIWYXEQ
dubem@io1209,AZFTGOYA
dubem@io1210,HFGUEVMS
dubem@io1211,EFTJHCVH
dubem@io1212,POTIYANG
dubem@io1213,HXFAQTTL
dubem@io1214,ESGOHFTK
dubem@io1215,GPIXKTGG
dubem@io1216,BDSXZBZX
dubem@io1217,VWJGPCMV
dubem@io1218,XGNNUBOU
dubem@io1219,KJEUOOIP
dubem@io1220,RFVBVQCK
dubem@io1221,EZFYBSDI
dubem@io1222,ZYVJZFDD
dubem@io1223,AOJRJYBU
dubem@io1224,TUGOUTRC
dubem@io1225,KZYOSLDW
dubem@io1226,KADHAJER
dubem@io1227,JXEYAADC
dubem@io1228,RLAFCLUR
dubem@io1229,BZBHDATG
dubem@io1230,SGMYAVRJ
dubem@io1231,TNOAVAYL
dubem@io1232,BAHXPONV
dubem@io1233,MPQJDDGZ
dubem@io1234,SKBLYNTZ
dubem@io1235,BUALJJAG
dubem@io1236,ZGECIFWI
dubem@io1237,KNCSNAFS
dubem@io1238,SEYJPKQJ
dubem@io1239,YANIGCSY
dubem@io1240,XLSBWIJV
dubem@io1241,HUGHDPOP
dubem@io1242,ZJZHQRRC
dubem@io1243,HJLIGDKW
dubem@io1244,PCLWAPRM
dubem@io1245,JHJCBFBZ
dubem@io1246,RQWOVQOE
dubem@io1247,VDGKVZWV
dubem@io1248,UIUCPMWF
dubem@io1249,HTJOMIWU
dubem@io1250,ZYIIVWQG
dubem@io1251,WYJTXRDA
dubem@io1252,BBWHTQKA
dubem@io1253,THUXVJLO
dubem@io1254,ZOUJDYPA
dubem@io1255,XUCVLFYD
dubem@io1256,POJHZAYZ
dubem@io1257,APUQZURF
dubem@io1258,CSYZOYZP
dubem@io1259,ERBUZPYH
dubem@io1260,AVGKSHOT
dubem@io1261,GXDNFGOK
dubem@io1262,HCKLBHRQ
dubem@io1263,SUQTJMDD
dubem@io1264,OAWAUULS
dubem@io1265,HPLIAWKW
dubem@io1266,CLOCGBEE
dubem@io1267,MSNGVUTO
dubem@io1268,LDAFRJZE
dubem@io1269,DVKCKTUD
dubem@io1270,VCRYZSIV
dubem@io1271,XQLSYFHY
dubem@io1272,IZHAEKYZ
dubem@io1273,ENNVSDOQ
dubem@io1274,TQAYVVOU
dubem@io1275,OIQUUWLO
dubem@io1276,FRXROSTM
dubem@io1277,KCJDNBGM
dubem@io1278,UCOXXMJC
dubem@io1279,WIXZCVVL
dubem@io1280,NJEVPISW
dubem@io1281,FIUVHBEA
dubem@io1282,FUMJZSGR
dubem@io1283,NJYSSQCT
dubem@io1284,DNHGIQVL
dubem@io1285,CUSEXOOB
dubem@io1286,CJHKEFHW
dubem@io1287,KEYNSHPG
dubem@io1288,GXLWAUME
dubem@io1289,OXNRMZEO
dubem@io1290,YXTRFPQU
dubem@io1291,KZOMOECS
dubem@io1292,SFIDZSCR
dubem@io1293,GYPGZOJH
dubem@io1294,VOYTPAXX
dubem@io1295,ARPGRUXE
dubem@io1296,TWMTXPLD
dubem@io1297,JRQQMPWC
dubem@io1298,ZGPJIJPR
dubem@io1299,MINFIYTJ
dubem@io1300,ZHMVASRO
dubem@io1301,OKFSFNPA
dubem@io1302,MPYMXIHZ
dubem@io1303,NSHQZZQU
dubem@io1304,KNHFMUWJ
dubem@io1305,FHDPPVBD
dubem@io1306,UQZBZJAN
dubem@io1307,RUGUTEGJ
dubem@io1308,GSKTAWDR
dubem@io1309,NQRIKGBJ
dubem@io1310,ZOXYKDFC
dubem@io1311,UCEGSBBL
dubem@io1312,SYUBLAYO
dubem@io1313,EWCUDZNU
dubem@io1314,CWTAMVIH
dubem@io1315,UIMLRTKW
dubem@io1316,IEGKHTSN
dubem@io1317,QGHEFHGM
dubem@io1318,PFLVRZUS
dubem@io1319,XHWAVBNS
dubem@io1320,PQSFQACZ
dubem@io1321,EAEIIZWP
dubem@io1322,ASMMDLJZ
dubem@io1323,AWJLQYBF
dubem@io1324,RKVSVNTO
dubem@io1325,LNMYJFID
dubem@io1326,OMFZHJGJ
dubem@io1327,FFELMDNK
dubem@io1328,SKZHOWDF
dubem@io1329,IDQWGRKR
dubem@io1330,GILSNKAE
dubem@io1331,EVFBZBBD
dubem@io1332,TQQMWJFO
dubem@io1333,YTUCGJAB
dubem@io1334,DDMHIQNR
dubem@io1335,TMYWJAGF
dubem@io1336,CWLMJDLW
dubem@io1337,UTPUQUUV
dubem@io1338,AQDDOUAB
dubem@io1339,MYGUZPJU
dubem@io1340,BEGUXULX
dubem@io1341,PMMDNPHE
dubem@io1342,PHRYADRV
dubem@io1343,ETNYILOW
dubem@io1344,WONQXQAL
dubem@io1345,GZRXKBNY
dubem@io1346,UOSLMOJD
dubem@io1347,XDHPQITE
dubem@io1348,IBMPIZLY
dubem@io1349,PZIBCBVW
dubem@io1350,MUMTPOUA
dubem@io1351,HVECNWES
dubem@io1352,HTXPSTTO
dubem@io1353,ARIJFWDS
dubem@io1354,YKEQIMUT
dubem@io1355,JNORJLPJ
dubem@io1356,BLPOOSBK
dubem@io1357,HVONSBVU
dubem@io1358,ARLACBBZ
dubem@io1359,KXKTAMXL
dubem@io1360,YXQXQMKU
dubem@io1361,TJQCYGDM
dubem@io1362,ZYLYOGEK
dubem@io1363,YCQCQHXR
dubem@io1364,PXXOFBRT
dubem@io1365,CYEXRHYS
dubem@io1366,SNCDBSVL
dubem@io1367,YSZALASJ
dubem@io1368,UIKZHAIZ
dubem@io1369,HJQFSQZK
dubem@io1370,BWJVZLBC
dubem@io1371,RQJLSEQG
dubem@io1372,ABUMGYJM
dubem@io1373,ZNDJUQUH
dubem@io1374,LYYURUZV
dubem@io1375,NRKMXRIB
dubem@io1376,IQHEVVWB
dubem@io1377,CKHBQEZZ
dubem@io1378,KMLSQCKQ
dubem@io1379,YUGQYGEU
dubem@io1380,HSJTUEUO
dubem@io1381,CPNHOMGD
dubem@io1382,VTKUZYXF
dubem@io1383,VNIOXWJN
dubem@io1384,NYTWWIVG
dubem@io1385,MYSXGUCR
dubem@io1386,ECOOPOCR
dubem@io1387,FFPOMGZC
dubem@io1388,FGZUDLSN
dubem@io1389,FMPUJITF
dubem@io1390,DRNTXUEY
dubem@io1391,JPBAYLKW
dubem@io1392,NLMDYPIU
dubem@io1393,MWNRTXHJ
dubem@io1394,BJXYHURB
dubem@io1395,JKSUEEWA
dubem@io1396,HDQCJKLR
dubem@io1397,NXRAYKCO
dubem@io1398,XNHBILRM
dubem@io1399,QLXPTJWJ
dubem@io1400,XPKGLNLO
dubem@io1401,GSQKXEJL
dubem@io1402,BKZQDPFR
dubem@io1403,NVKEARQC
dubem@io1404,MODHGEZP
dubem@io1405,QYMKDUCG
dubem@io1406,GUDXDMEA
dubem@io1407,WLMIYJEJ
dubem@io1408,DCJCVGYR
dubem@io1409,DNKIGJOD
dubem@io1410,ZKOLWASQ
dubem@io1411,KKTAOMHV
dubem@io1412,GNFAEZPM
dubem@io1413,LWPAIDDI
dubem@io1414,HZMKDDBN
dubem@io1415,KILLFMNT
dubem@io1416,DDCONAVS
dubem@io1417,MHIJQZRG
dubem@io1418,MUASOWEB
dubem@io1419,FAZLUFQI
dubem@io1420,RILJLUYN
dubem@io1421,ZRFPQZSV
dubem@io1422,IHVNSVYE
dubem@io1423,IRUTGZTT
dubem@io1424,SLRRVOTC
dubem@io1425,DOKGYOGD
dubem@io1426,PDLVAQPX
dubem@io1427,CRUPDOUB
dubem@io1428,GISONGCV
dubem@io1429,NEPEXIBI
dubem@io1430,OEIVCICK
dubem@io1431,PEOJVDZD
dubem@io1432,AFIHKGIY
dubem@io1433,WOUFJRTV
dubem@io1434,TRUCKNYS
dubem@io1435,LUZQLPPS
dubem@io1436,GBSECLWX
dubem@io1437,SGPSNEEJ
dubem@io1438,LEYSBAVF
dubem@io1439,WDTAQUOL
dubem@io1440,BQLWWAPS
dubem@io1441,QMDOYTVY
dubem@io1442,DJMXHBTS
dubem@io1443,TEGFHUDA
dubem@io1444,OACDEJBZ
dubem@io1445,UCXQCOZJ
dubem@io1446,VOCDQBRK
dubem@io1447,SPFUQNYD
dubem@io1448,XQJNVUZN
dubem@io1449,KVZBAGRK
dubem@io1450,LQUCNCDP
dubem@io1451,OZHHTKOC
dubem@io1452,HBAQKRJA
dubem@io1453,PAAEQYXO
dubem@io1454,YPBWEYOF
dubem@io1455,HAOKZTSP
dubem@io1456,ERJNBFQK
dubem@io1457,OSMVCKOA
dubem@io1458,BALWWWCF
dubem@io1459,ZNBWYURY
dubem@io1460,IPGYKRII
dubem@io1461,HOTOAMKW
dubem@io1462,TFLVCDQO
dubem@io1463,BJALCLQJ
dubem@io1464,QHEUZHVE
dubem@io1465,GYSXJFGD
dubem@io1466,QLEBKSZS
dubem@io1467,OFJLFUME
dubem@io1468,BGQEZING
dubem@io1469,QIDYMRQY
dubem@io1470,UULBAKKJ
dubem@io1471,NNUGQGAY
dubem@io1472,BMPWYZGL
dubem@io1473,WNJNGVQR
dubem@io1474,BSGMDAYJ
dubem@io1475,HPXIFFMF
dubem@io1476,MDKNVWRT
dubem@io1477,GMBJMNOQ
dubem@io1478,IJZAANKQ
dubem@io1479,SUUZFNWB
dubem@io1480,DHOXDJGY
dubem@io1481,YATWBDTW
dubem@io1482,OJABQMAH
dubem@io1483,CLXFREVC
dubem@io1484,FYCVVMAR
dubem@io1485,RGNDOYWE
dubem@io1486,DTNWLWXA
dubem@io1487,DDFNSAHF
dubem@io1488,XYJROLKT
dubem@io1489,IIBBSLIK
dubem@io1490,KVJJJAYM
dubem@io1491,DWDTITDH
dubem@io1492,ZAHXIYAS
dubem@io1493,JMRSTQPS
dubem@io1494,RSLYWMQW
dubem@io1495,CSNQIAKQ
dubem@io1496,YCCMXZXT
dubem@io1497,TZZPBKYJ
dubem@io1498,SWBGZPRM
dubem@io1499,IRCGNQYB
dubem@io1500,EONNGDUR
dubem@io1501,YFKMYEXL
dubem@io1502,OWBEQFJN
dubem@io1503,KPDKFJCL
dubem@io1504,YFWPSRMH
dubem@io1505,BHQXCBEB
dubem@io1506,UGOUJWEW
dubem@io1507,EYVEBMRZ
dubem@io1508,OVAXRIDL
dubem@io1509,IYBBNQTK
dubem@io1510,YHSXZOVZ
dubem@io1511,XPTSNGWY
dubem@io1512,BGNHFSHB
dubem@io1513,CBNLMGBE
dubem@io1514,PSDXFEYV
dubem@io1515,XCBDUNIV
dubem@io1516,UCBDDJZI
dubem@io1517,IMMRUQBU
dubem@io1518,ITIMQFKA
dubem@io1519,WMSQVRNJ
dubem@io1520,NHUUTPHA
dubem@io1521,MMXYCZBS
dubem@io1522,NTGSPUAQ
dubem@io1523,ELDMDEHZ
dubem@io1524,ECKJDZBY
dubem@io1525,YBLVEQZR
dubem@io1526,YYGBPUDW
dubem@io1527,DEXRJSZS
dubem@io1528,WDYTVBXC
dubem@io1529,JTCGEMDN
dubem@io1530,BJBNZLGK
dubem@io1531,DHSTUIQL
dubem@io1532,KPXCIVJB
dubem@io1533,ZIIZEGRZ
dubem@io1534,YFBOHAIQ
dubem@io1535,QFFGJWPW
dubem@io1536,XECBHOER
dubem@io1537,WWXRQWDR
dubem@io1538,RCVGZPNJ
dubem@io1539,BUPDECKF
dubem@io1540,CWFZSWJW
dubem@io1541,NPLVFKQV
dubem@io1542,CKVBPNDQ
dubem@io1543,CQUCHTZC
dubem@io1544,SAQYNGFW
dubem@io1545,PEGIUXUD
dubem@io1546,LKORUSJG
dubem@io1547,NYXRCCIZ
dubem@io1548,GALZJBBM
dubem@io1549,IJCUNPKF
dubem@io1550,ROKITAWB
dubem@io1551,DYDALVGU
dubem@io1552,NZPIYEHL
dubem@io1553,JPOWWXOL
dubem@io1554,KJDOLIJQ
dubem@io1555,DLMJVIZG
dubem@io1556,MLORTGXW
dubem@io1557,DHBZBWBG
dubem@io1558,WXDLFNTN
dubem@io1559,DRDEWBYF
dubem@io1560,RJXIGLIL
dubem@io1561,IDMFSOTV
dubem@io1562,INUEGQPS
dubem@io1563,XTQWYWCO
dubem@io1564,XPMJTKRN
dubem@io1565,UNLKMPEZ
dubem@io1566,PBMFKSWV
dubem@io1567,XYRBIVUX
dubem@io1568,CRDCDGGM
dubem@io1569,IJAZUEOE
dubem@io1570,XOYNTTCT
dubem@io1571,OFIJOWRI
dubem@io1572,CIYVGEDU
dubem@io1573,IEANWBLE
dubem@io1574,TSHOMJYB
dubem@io1575,SHXCOFTE
dubem@io1576,THVEEUFZ
dubem@io1577,WTXNZMNB
dubem@io1578,ZZSOETYV
dubem@io1579,TNRYSRGK
dubem@io1580,UVSPWXVQ
dubem@io1581,VZDBKCVJ
dubem@io1582,MVEJXPXZ
dubem@io1583,GLRZACFV
dubem@io1584,DILCVQJZ
dubem@io1585,SQEMPICW
dubem@io1586,XWAPDMGR
dubem@io1587,CUWAFAQK
dubem@io1588,ECTBWHMN
dubem@io1589,FZXNWUHG
dubem@io1590,MKOVSWBA
dubem@io1591,RGYGHDIS
dubem@io1592,WWLJTFAP
dubem@io1593,DJCQGVBZ
dubem@io1594,ZNBHPLAM
dubem@io1595,GPMMISWM
dubem@io1596,TRRGOGZE
dubem@io1597,HMSUDZPG
dubem@io1598,QTLFNKVI
dubem@io1599,CLWVLLJA
dubem@io1600,EDDCHURQ
dubem@io1601,CIVLTFDD
dubem@io1602,AQEQEJST
dubem@io1603,UASWUNJU
dubem@io1604,YKGPLQYP
dubem@io1605,LAUFAYRH
dubem@io1606,CSULDVNI
dubem@io1607,ZCABQDXN
dubem@io1608,VBOTNNSB
dubem@io1609,RBRYFOYL
dubem@io1610,LUFXKDDM
dubem@io1611,SCRDCWTH
dubem@io1612,GDSVBDJM
dubem@io1613,SNCQJUQZ
dubem@io1614,QZJRODWM
dubem@io1615,WKMPAGHF
dubem@io1616,VSPQNRDK
dubem@io1617,MDBPYOHC
dubem@io1618,SZFCAPCW
dubem@io1619,ILWUFXWQ
dubem@io1620,THFMDYSA
dubem@io1621,RHYUMYOY
dubem@io1622,ELTICSUU
dubem@io1623,LOXLNAYH
dubem@io1624,YXPZYXMF
dubem@io1625,PJNSLUEY
dubem@io1626,HVPQNENZ
dubem@io1627,VRHDALTY
dubem@io1628,FUVXSCXE
dubem@io1629,LJMNZPMO
dubem@io1630,ZCIMCXTG
dubem@io1631,RNRTQFPT
dubem@io1632,SVVCEHZA
dubem@io1633,ACMZFVGT
dubem@io1634,LFKEFCJL
dubem@io1635,QSKQZETA
dubem@io1636,DZHWXGRC
dubem@io1637,SXKEFZTT
dubem@io1638,DYYVLJKW
dubem@io1639,BYKFNGAK
dubem@io1640,JFFMPCCN
dubem@io1641,ZHDXOPLY
dubem@io1642,ZROBGJGZ
dubem@io1643,CUKHVPAN
dubem@io1644,WNRIJSHB
dubem@io1645,LIGIGMOM
dubem@io1646,MHSDCVNC
dubem@io1647,XBBIEQZY
dubem@io1648,YYXPIOTU
dubem@io1649,WJAKHRDJ
dubem@io1650,AEISQZUX
dubem@io1651,JBZUDPCW
dubem@io1652,OQPOMSFP
dubem@io1653,HLZUIEDO
dubem@io1654,QIIQHHJN
dubem@io1655,LYUPAKVY
dubem@io1656,ZRAENDMM
dubem@io1657,ODTZVLNP
dubem@io1658,HDCHEIQD
dubem@io1659,PURQPAFC
dubem@io1660,TRXZVBXG
dubem@io1661,MQBBGHUP
dubem@io1662,WFXYFYKR
dubem@io1663,SCUXRPWH
dubem@io1664,WHMSYNCG
dubem@io1665,LQZWVQOI
dubem@io1666,DEPLFBGH
dubem@io1667,SCXWUVKW
dubem@io1668,QVCVPLXZ
dubem@io1669,KANWJDLK
dubem@io1670,KLYXVANW
dubem@io1671,QZUXVELL
dubem@io1672,IQGBOTPF
dubem@io1673,SRRCHTCL
dubem@io1674,ZAZOQDTL
dubem@io1675,NGNFSQYU
dubem@io1676,GFCSLACB
dubem@io1677,JNIATKKN
dubem@io1678,LQCXMOTO
dubem@io1679,NBREFCRF
dubem@io1680,PMOXSWNV
dubem@io1681,ITVJYTGK
dubem@io1682,CFSHJFGP
dubem@io1683,ZDNITGDX
dubem@io1684,HACKGVHH
dubem@io1685,XMOEBVLR
dubem@io1686,EPMELTWA
dubem@io1687,LKYPWSWA
dubem@io1688,GWCJIGXY
dubem@io1689,SIPRTYNL
dubem@io1690,PFQPSOET
dubem@io1691,NIRLXBOA
dubem@io1692,ODKNJKOL
dubem@io1693,NUPPWYUG
dubem@io1694,KWQTNBEQ
dubem@io1695,NOUEWXJD
dubem@io1696,RDTMGHLN
dubem@io1697,WEFBSKTR
dubem@io1698,SFTRJOTR
dubem@io1699,QXGWGRIZ
dubem@io1700,GHNFVPFW
dubem@io1701,YIQCXDNS
dubem@io1702,LKFVYICC
dubem@io1703,ZZMFMOJO
dubem@io1704,XELCBZWH
dubem@io1705,UPKEJKBU
dubem@io1706,SSTXJCMS
dubem@io1707,YRJKGSMV
dubem@io1708,SOKTXKED
dubem@io1709,MFDQBSSU
dubem@io1710,KYODITXQ
dubem@io1711,UMKHFCFV
dubem@io1712,BFOYDPKC
dubem@io1713,VBAQZWOS
dubem@io1714,XPJEXFLQ
dubem@io1715,AAZWHFXR
dubem@io1716,ROCBTYYK
dubem@io1717,ELJLFPOZ
dubem@io1718,NXXUWHLB
dubem@io1719,PIJICXIL
dubem@io1720,QVDPSRFO
dubem@io1721,ITJSOCON
dubem@io1722,NRTABPIA
dubem@io1723,ERRWRMMI
dubem@io1724,ETDUMTGB
dubem@io1725,QLUECSCP
dubem@io1726,WHHJFOKN
dubem@io1727,NXYEDLBP
dubem@io1728,UMUUPSAY
dubem@io1729,BRFALYPJ
dubem@io1730,NAFYUDVW
dubem@io1731,WDKOMJLP
dubem@io1732,OYOMDIZT
dubem@io1733,ZMDPDQOF
dubem@io1734,SVAPJCJI
dubem@io1735,MMCLWVGI
dubem@io1736,GYIRMOOR
dubem@io1737,FAWJLUQX
dubem@io1738,VUHHTIOV
dubem@io1739,BNVISXUC
dubem@io1740,NSEWLIQB
dubem@io1741,OMHMHLHG
dubem@io1742,OBOCXQHL
dubem@io1743,VVQZVJJP
dubem@io1744,ZFVCMFPG
dubem@io1745,BOHFRWTD
dubem@io1746,HQWTCXRK
dubem@io1747,GXMMPZGH
dubem@io1748,MAQPXLKP
dubem@io1749,WWQRRDAY
dubem@io1750,BUHDDQSO
dubem@io1751,BIIHQQHT
dubem@io1752,XKWQGEZP
dubem@io1753,EJNJZHMK
dubem@io1754,EUSSWKRG
dubem@io1755,YIZZANSC
dubem@io1756,FLQDVNUT
dubem@io1757,ADKQGBCP
dubem@io1758,DVWGAEGK
dubem@io1759,NPNHDXRE
dubem@io1760,KSNKVQVC
dubem@io1761,JXUJNKIP
dubem@io1762,HSFUJWIC
dubem@io1763,MZPQFHVU
dubem@io1764,EDGQWAHJ
dubem@io1765,FEIDQHUE
dubem@io1766,YJESKOQY
dubem@io1767,UFFBFFPW
dubem@io1768,LYUMNGVA
dubem@io1769,HHAIGMNF
dubem@io1770,MACGMEOO
dubem@io1771,LWQEXZIF
dubem@io1772,ETKDKWQO
dubem@io1773,ZGRCNLWP
dubem@io1774,LGTJKCBQ
dubem@io1775,ZOGNETBB
dubem@io1776,EHZVFKEU
dubem@io1777,LHZUXKJZ
dubem@io1778,NTGRRDEY
dubem@io1779,CNEJAGWR
dubem@io1780,JDMHQEBD
dubem@io1781,ZFUFBYJG
dubem@io1782,TTRIGDMP
dubem@io1783,LJJRVAVL
dubem@io1784,KRPLXBWO
dubem@io1785,YONFBAXY
dubem@io1786,RELFVHUK
dubem@io1787,VBCIYHDE
dubem@io1788,SMJOZQFI
dubem@io1789,SKFTRRYZ
dubem@io1790,WUUERSBM
dubem@io1791,PVZSBHBY
dubem@io1792,BYXDTIBB
dubem@io1793,NDYMUMEO
dubem@io1794,USTPZQKP
dubem@io1795,HEKLOWSS
dubem@io1796,DVHCEWRT
dubem@io1797,IMWEWBKZ
dubem@io1798,HIQUHZVK
dubem@io1799,VTXTBWYF
dubem@io1800,VMLCVQJB
dubem@io1801,EKDMLQWE
dubem@io1802,JKHCXDIV
dubem@io1803,UWTDGXEH
dubem@io1804,JFQVUEZV
dubem@io1805,KYOMAPZW
dubem@io1806,XHKVBTIP
dubem@io1807,IWCNHXAB
dubem@io1808,VSDNSBSN
dubem@io1809,SHDECNOQ
dubem@io1810,PFANGBRV
dubem@io1811,XXFRDPKW
dubem@io1812,TURUYJYG
dubem@io1813,TUILYGMI
dubem@io1814,MWFVCSYG
dubem@io1815,BHAUDLQV
dubem@io1816,CGSXUYNA
dubem@io1817,HJBUXHNE
dubem@io1818,WXCKQDBD
dubem@io1819,OMUFLDOY
dubem@io1820,ITNIMCES
dubem@io1821,OCTOAAMZ
dubem@io1822,OUUXWJRB
dubem@io1823,AYTIIGLN
dubem@io1824,RAIQIGJN
dubem@io1825,QRLPTMBW
dubem@io1826,QHTHMXUO
dubem@io1827,MWGZIBKX
dubem@io1828,MXPLOFHL
dubem@io1829,FHCRKZAJ
dubem@io1830,EBFGDWGM
dubem@io1831,SNGLDYBJ
dubem@io1832,GHKWIMOA
dubem@io1833,BKZWHRQG
dubem@io1834,FQEUOZUF
dubem@io1835,QMXPTABW
dubem@io1836,PZJSWFAO
dubem@io1837,PZSZRYEM
dubem@io1838,DWPIUUZA
dubem@io1839,DATVGRKD
dubem@io1840,TWJZXYLF
dubem@io1841,PGUOTPKH
dubem@io1842,EKIDGDXH
dubem@io1843,FVAACYJD
dubem@io1844,BZXUUKXN
dubem@io1845,UUEKIVRC
dubem@io1846,ZUEKUTZC
dubem@io1847,DUYYNNJO
dubem@io1848,GZYXJLNI
dubem@io1849,NUGDXPRA
dubem@io1850,DXCVJVAW
dubem@io1851,XXSRSURB
dubem@io1852,WLHEZDEW
dubem@io1853,KZXOSJYM
dubem@io1854,GNXDXSTR
dubem@io1855,ISGNPIUZ
dubem@io1856,BMEDUQVH
dubem@io1857,EVVOHXBF
dubem@io1858,FGEUBLED
dubem@io1859,VEWHXMZN
dubem@io1860,VMHPQJWL
dubem@io1861,LNXAUIXZ
dubem@io1862,LNCNIZKV
dubem@io1863,LAJKFJYE
dubem@io1864,ZUNWYFUC
dubem@io1865,WBRDSPFR
dubem@io1866,NFAYOBEX
dubem@io1867,ILYFPJPP
dubem@io1868,GFVPIQRJ
dubem@io1869,BWDPZHRU
dubem@io1870,XPWWXGMY
dubem@io1871,UEKWTMIE
dubem@io1872,WDBOMHET
dubem@io1873,ACGVSETH
dubem@io1874,LQVMQZWD
dubem@io1875,YPRYTIYJ
dubem@io1876,SZFTJVTY
dubem@io1877,UIMIVOBV
dubem@io1878,EMEUUNDT
dubem@io1879,ZKEVSYQO
dubem@io1880,VHJCWUOH
dubem@io1881,HLKSTEEW
dubem@io1882,APCBYPPW
dubem@io1883,ERZIFMZZ
dubem@io1884,YMRRMJFD
dubem@io1885,VBAZYNWU
dubem@io1886,PASXLCHY
dubem@io1887,XXGAFLPT
dubem@io1888,CZLUBKEW
dubem@io1889,PPGHAQKX
dubem@io1890,AVWBOCAY
dubem@io1891,SOBJOMIA
dubem@io1892,CCICJZTP
dubem@io1893,GZWFYGKH
dubem@io1894,WLPQAIAH
dubem@io1895,PBUKNTBD
dubem@io1896,SQVJUCBN
dubem@io1897,FKOGVGDZ
dubem@io1898,ABDSICRM
dubem@io1899,ZNHAZKUR
dubem@io1900,JHFFBTUN
dubem@io1901,JLEIBKCF
dubem@io1902,OZGIXYJC
dubem@io1903,LNKVXKAL
dubem@io1904,KZDDBTLH
dubem@io1905,RTDCRHKU
dubem@io1906,YIDZJORE
dubem@io1907,SAZXOPNT
dubem@io1908,YOZOQJQD
dubem@io1909,DGGXJHOP
dubem@io1910,ZHMBOATR
dubem@io1911,OFJKYGPZ
dubem@io1912,DMZMIKYD
dubem@io1913,MVIXNOQL
dubem@io1914,KRYUDVEP
dubem@io1915,FWWFGKPF
dubem@io1916,KAKKGVKR
dubem@io1917,MIZONRYZ
dubem@io1918,TJYNTVMQ
dubem@io1919,TLXEEXHD
dubem@io1920,GWREUWNX
dubem@io1921,GZMGVYRG
dubem@io1922,VKTYSDJP
dubem@io1923,GATUDUQT
dubem@io1924,APDBXMXS
dubem@io1925,KVXKLVBZ
dubem@io1926,ITJWMOUP
dubem@io1927,DSXFEGEL
dubem@io1928,ITUSWMCC
dubem@io1929,HMTZMYAS
dubem@io1930,GSDBJZIQ
dubem@io1931,ISJYUZXM
dubem@io1932,WFREKSKP
dubem@io1933,CCWMFLCT
dubem@io1934,VPIBYYMQ
dubem@io1935,LIBYDDUB
dubem@io1936,TOBQVVTA
dubem@io1937,NQSPUVGT
dubem@io1938,BGYZITCM
dubem@io1939,SUIOSDQH
dubem@io1940,OHUWYBEX
dubem@io1941,XITHMHNE
dubem@io1942,RXKOXYNI
dubem@io1943,NPILRNTH
dubem@io1944,LBGDMYBP
dubem@io1945,RGQIXASQ
dubem@io1946,YAMGUAVF
dubem@io1947,EKBZSLXM
dubem@io1948,FODGXLOD
dubem@io1949,DVBYZAZQ
dubem@io1950,HWGFCLWC
dubem@io1951,EAQZKINX
dubem@io1952,TQHQEZQC
dubem@io1953,NWBDQQXJ
dubem@io1954,QDNWVSWY
dubem@io1955,PQBUEILD
dubem@io1956,LQQEPFHQ
dubem@io1957,IADPHBVV
dubem@io1958,DBHODBXK
dubem@io1959,IFZIACAD
dubem@io1960,ULGTMAXK
dubem@io1961,MWSKMHTG
dubem@io1962,ZIHXPKKP
dubem@io1963,UKOUJKEA
dubem@io1964,TQDSYZAE
dubem@io1965,SWKWNTQV
dubem@io1966,MDCBWAFP
dubem@io1967,CVSAMUMY
dubem@io1968,QXHGIXCX
dubem@io1969,DFLZBIYM
dubem@io1970,USUCNKZG
dubem@io1971,KXOBDCSD
dubem@io1972,MQAJZHVW
dubem@io1973,VTWQWIOJ
dubem@io1974,NEOPLSFL
dubem@io1975,XPEMNHYM
dubem@io1976,QYXDWDXD
dubem@io1977,HFUAEHLD
dubem@io1978,DETKYTQQ
dubem@io1979,IWEJILFM
dubem@io1980,GQYAPWYD
dubem@io1981,EATUWZJT
dubem@io1982,OYGODWQY
dubem@io1983,KMLOPYGE
dubem@io1984,SEZTBQKF
dubem@io1985,OSWNWCZE
dubem@io1986,UBQFUPRU
dubem@io1987,OSFOJDDF
dubem@io1988,EIZZECRU
dubem@io1989,LWFIETPZ
dubem@io1990,PHFRGPDW
dubem@io1991,QLJKYKOL
dubem@io1992,OHXOGYXW
dubem@io1993,QZTGMZIP
dubem@io1994,HFNBBJRK
dubem@io1995,LUMHSDAG
dubem@io1996,FHMGRCCT
dubem@io1997,CYYBHFFQ
dubem@io1998,PAMVYPZW
dubem@io1999,PYJTAZNM
dubem@io2000,IEMGFYOQ
dubem@io2001,TUPEGYSZ
dubem@io2002,MSNLQIFN
dubem@io2003,AMVTKLEE
dubem@io2004,NTTYSZGJ
dubem@io2005,QOKMDBJW
dubem@io2006,ZXOADDFG
dubem@io2007,FDXJGRJA
dubem@io2008,VHEFECHB
dubem@io2009,ROAHPZBT
dubem@io2010,LPVCCZOY
dubem@io2011,GKJFAMDK
dubem@io2012,SACPHSNA
dubem@io2013,ZZBERFQO
dubem@io2014,COKHFNLD
dubem@io2015,CTUCBYLI
dubem@io2016,KVSXZIZH
dubem@io2017,WXTEKLDJ
dubem@io2018,SXRFLIQP
dubem@io2019,SIXDRWGR
dubem@io2020,IWLSBIKR
dubem@io2021,IMFCQTPO
dubem@io2022,TKCDUFHQ
dubem@io2023,XLYHLKCZ
dubem@io2024,NMRXZRLQ
dubem@io2025,MTYQKWMX
dubem@io2026,LTHMTKEV
dubem@io2027,ATESYVLX
dubem@io2028,DLTBSMLM
dubem@io2029,WOIAWQOD
dubem@io2030,IPQYDUZV
dubem@io2031,HCMMHQPR
dubem@io2032,RKUBEYJY
dubem@io2033,USHEEFAQ
dubem@io2034,UXPASJPB
dubem@io2035,DQFFBYFW
dubem@io2036,SCNESUVR
dubem@io2037,VCZKRCKC
dubem@io2038,FBGBBUSM
dubem@io2039,RKYESCCR
dubem@io2040,DHNXVWAM
dubem@io2041,AABHEBAH
dubem@io2042,ZWUIGRCG
dubem@io2043,WXRJCAGP
dubem@io2044,PNMRCQPC
dubem@io2045,DVGQBLTS
dubem@io2046,VJZTAMLX
dubem@io2047,TGXNPHCY
dubem@io2048,SLGLOQWZ
dubem@io2049,JMQTWYSY
dubem@io2050,GTYSIEXU
dubem@io2051,VZYFEWRO
dubem@io2052,UBTGLLRH
dubem@io2053,EZENLXFU
dubem@io2054,CXACXMIC
dubem@io2055,IOFERGXE
dubem@io2056,QTCIBNQP
dubem@io2057,KMXPZWTE
dubem@io2058,RAOCEEKN
dubem@io2059,AUDGBJRX
dubem@io2060,BBQDKSTW
dubem@io2061,GSEPUGYH
dubem@io2062,PGXEWVKI
dubem@io2063,OTWNYPZM
dubem@io2064,CTUUQEUC
dubem@io2065,MQRTXYLF
dubem@io2066,UKYIRJGK
dubem@io2067,DOAEMQXV
dubem@io2068,QOJAIJUD
dubem@io2069,HCZZBIXU
dubem@io2070,NBVJDCHK
dubem@io2071,CPQWNGCY
dubem@io2072,LJITUSLK
dubem@io2073,BMFKXJJI
dubem@io2074,QPCVRBCE
dubem@io2075,VTYPZROU
dubem@io2076,GYUTQVZB
dubem@io2077,FZZWTGGH
dubem@io2078,EEHAIRBE
dubem@io2079,TPWNQQIA
dubem@io2080,AXGPVBAX
dubem@io2081,CZFHRXZX
dubem@io2082,FBCWPEJH
dubem@io2083,XNNGLPGT
dubem@io2084,OOZFJUEY
dubem@io2085,HTCRNBMH
dubem@io2086,QTSGPADE
dubem@io2087,HUTTEIKQ
dubem@io2088,FVVCMAUB
dubem@io2089,ZSPNGPQA
dubem@io2090,LGPSRADC
dubem@io2091,YNJNEQLC
dubem@io2092,UUCFCUOX
dubem@io2093,ZQGPIIWJ
dubem@io2094,KALANLFA
dubem@io2095,SHIUINLI
dubem@io2096,BQEJSEPJ
dubem@io2097,MUBGWBDF
dubem@io2098,OLLXAHBI
dubem@io2099,RZVTTCXY
dubem@io2100,MTIQTQOU
dubem@io2101,JKCRKYYZ
dubem@io2102,EWJCERQG
dubem@io2103,PBPJHBTI
dubem@io2104,RLYQUAVF
dubem@io2105,KANTCIOJ
dubem@io2106,HBVLSWAG
dubem@io2107,ARPMOTZT
dubem@io2108,EVIOMFAI
dubem@io2109,UQSNMZKP
dubem@io2110,MWVBERLG
dubem@io2111,NYEWRATU
dubem@io2112,GKEPFXCV
dubem@io2113,PZLFQVZV
dubem@io2114,BFBEJCHB
dubem@io2115,AUBLPSCK
dubem@io2116,CJGAIXAH
dubem@io2117,BUWIQJDB
dubem@io2118,VDAHMKCL
dubem@io2119,JKHGJDXU
dubem@io2120,PGGSIBYR
dubem@io2121,MMQGCPWH
dubem@io2122,PDVDLUWC
dubem@io2123,IZSBBKVU
dubem@io2124,IQWXFWBG
dubem@io2125,IOJCWYMK
dubem@io2126,MTRWUODM
dubem@io2127,NQDABZOY
dubem@io2128,QSGUJBBS
dubem@io2129,WBJMRJLR
dubem@io2130,EQJQYMNA
dubem@io2131,MAZOLANU
dubem@io2132,XERWLIXO
dubem@io2133,IEWQMKRU
dubem@io2134,ZLZGWPQX
dubem@io2135,QBHNXREX
dubem@io2136,COJIIVTJ
dubem@io2137,IJPVTXDJ
dubem@io2138,ZCTLZZEA
dubem@io2139,UMAYVPGO
dubem@io2140,AAHWAAQW
dubem@io2141,KEUIEQDY
dubem@io2142,FIYBKAYI
dubem@io2143,ZKYPWUXW
dubem@io2144,HFHQCDBC
dubem@io2145,PJZDLUGV
dubem@io2146,RIDLTDSJ
dubem@io2147,PBAJZVRD
dubem@io2148,BGICZYOS
dubem@io2149,CVYQPJSG
dubem@io2150,NMURYEBK
dubem@io2151,SSYWEGBV
dubem@io2152,BLYYMQQY
dubem@io2153,NZDLWXKI
dubem@io2154,DCYZRZKE
dubem@io2155,OGDMURAF
dubem@io2156,KYKHOIIP
dubem@io2157,FYRJCTEH
dubem@io2158,TXOZKQLK
dubem@io2159,FNDAGMVT
dubem@io2160,QQLGGGCH
dubem@io2161,GJIEWAAH
dubem@io2162,HPNZLZDF
dubem@io2163,CQPOUWQV
dubem@io2164,LKIONABB
dubem@io2165,IQKVYNRZ
dubem@io2166,IYGYSQMZ
dubem@io2167,JALQENFQ
dubem@io2168,UXINDWEW
dubem@io2169,TSCLHENQ
dubem@io2170,UGUMFEPJ
dubem@io2171,SLKQKEUP
dubem@io2172,YUQCWNLV
dubem@io2173,WNRVBMZJ
dubem@io2174,VXJMIQBI
dubem@io2175,MFKXYDQQ
dubem@io2176,TNQOGEPX
dubem@io2177,QSZKRPWT
dubem@io2178,QOTLKLFW
dubem@io2179,BOZHSJPB
dubem@io2180,FREUWMVR
dubem@io2181,CYFCCRNS
dubem@io2182,UPJWPIKL
dubem@io2183,YQWISMFZ
dubem@io2184,ITIFZDKT
dubem@io2185,UUSMHLUR
dubem@io2186,XXEHPISE
dubem@io2187,OAEKVNJF
dubem@io2188,CBOACTYR
dubem@io2189,DBLJIOKI
dubem@io2190,UPJPNFCU
dubem@io2191,SQPSIWLE
dubem@io2192,NIRBJYMI
dubem@io2193,OBAYRUSI
dubem@io2194,AAQHPFZJ
dubem@io2195,HHCVGKOR
dubem@io2196,UEDVGXZJ
dubem@io2197,EZIWOQSZ
dubem@io2198,RJCEUXJI
dubem@io2199,ISQDSWBU
dubem@io2200,QISJJNEI
dubem@io2201,AGSFTNYJ
dubem@io2202,IZPFYXWD
dubem@io2203,EJJJIEQW
dubem@io2204,FLHYMXKY
dubem@io2205,RWKIEKTZ
dubem@io2206,BCECMBFM
dubem@io2207,PEMJYYFC
dubem@io2208,SJGIKINV
dubem@io2209,PHIYZQHN
dubem@io2210,SHPAECQL
dubem@io2211,KRIIJHJZ
dubem@io2212,GTAVRCFN
dubem@io2213,IMRSMVGT
dubem@io2214,FUZZNRSN
dubem@io2215,LNLZPBEG
dubem@io2216,ZBKZZIXT
dubem@io2217,SXSCFGGW
dubem@io2218,HBTJJGJH
dubem@io2219,OYXFVESR
dubem@io2220,OUVGJTCR
dubem@io2221,JDTUZQDC
dubem@io2222,MVZTWLQS
dubem@io2223,REEOOTTT
dubem@io2224,SEMHHEUB
dubem@io2225,CPISDHUT
dubem@io2226,TIWLTWJY
dubem@io2227,EQWXOSWI
dubem@io2228,VVSSXAJB
dubem@io2229,KDOIFYCZ
dubem@io2230,WLNVCDNI
dubem@io2231,IECGGCKQ
dubem@io2232,LUSIMPAW
dubem@io2233,ZNYKSSFW
dubem@io2234,AZAOQMYQ
dubem@io2235,ZCIFPMUN
dubem@io2236,YMIHMPOF
dubem@io2237,VSVRKABI
dubem@io2238,ZWJIMIME
dubem@io2239,DCTHTFXN
dubem@io2240,TTHDNWHU
dubem@io2241,ROEYPHXE
dubem@io2242,HBQPQMMX
dubem@io2243,HTTULNOL
dubem@io2244,MPMJAFQW
dubem@io2245,VVPXNSTG
dubem@io2246,BGBRRQYH
dubem@io2247,PTITJCII
dubem@io2248,ZULURBAS
dubem@io2249,AEIMRIPB
dubem@io2250,GFHRRHQD
dubem@io2251,SAWXOANI
dubem@io2252,VDBODDXQ
dubem@io2253,XOZWLDVY
dubem@io2254,BVYKBOMH
dubem@io2255,JHEZXGEX
dubem@io2256,TQDLYKSV
dubem@io2257,ZFEJZROR
dubem@io2258,VASTKGSA
dubem@io2259,VDKRBLHR
dubem@io2260,GYRQABSU
dubem@io2261,OMQRFQNX
dubem@io2262,FJJJZGHA
dubem@io2263,RQZWPOTX
dubem@io2264,SHRBFAZO
dubem@io2265,IPPLRCAX
dubem@io2266,TGKOHURD
dubem@io2267,LEYSKHNF
dubem@io2268,YUKTHPPU
dubem@io2269,VZFNZMYJ
dubem@io2270,JRKQPWAC
dubem@io2271,UNLGUVOG
dubem@io2272,SVFZZSJE
dubem@io2273,PKQXGGKN
dubem@io2274,ETZPLAWK
dubem@io2275,AAAWLSUP
dubem@io2276,XBIEDGSB
dubem@io2277,HAAGINWV
dubem@io2278,MKFSSNWY
dubem@io2279,DQDUKTME
dubem@io2280,PQXISVDJ
dubem@io2281,XLQEDLIF
dubem@io2282,EODXELJL
dubem@io2283,DTCAKSDX
dubem@io2284,JNPYAEKR
dubem@io2285,OMCLECIT
dubem@io2286,AUPXQUAO
dubem@io2287,AGLZRIUP
dubem@io2288,CMLOVQDP
dubem@io2289,QFXDPUAN
dubem@io2290,FVYQDKBT
dubem@io2291,OETRDFWP
dubem@io2292,WFYKZOQL
dubem@io2293,DZKUWQRL
dubem@io2294,QZIHINRL
dubem@io2295,NASTOUMA
dubem@io2296,HWBIZPIF
dubem@io2297,VGVMHDFY
dubem@io2298,OQTKWVLC
dubem@io2299,PHBPMEWR
dubem@io2300,QNGONFKC
dubem@io2301,RCDWWFOE
dubem@io2302,WKOAWKFE
dubem@io2303,YIYVLUII
dubem@io2304,WHQHMPLX
dubem@io2305,IUKFVSXF
dubem@io2306,GBKCXXIM
dubem@io2307,LLKFMTRA
dubem@io2308,YIQUOSFJ
dubem@io2309,XKGGRUIJ
dubem@io2310,BMYOAODG
dubem@io2311,KNJPORCF
dubem@io2312,JFHWOWOZ
dubem@io2313,DCMRQGBL
dubem@io2314,PRTKOVHX
dubem@io2315,NLDERJGP
dubem@io2316,YGRQIVZW
dubem@io2317,EJMFPTXG
dubem@io2318,INXSSLUA
dubem@io2319,QLXGUAVX
dubem@io2320,WVZSHSUE
dubem@io2321,IPUEXITZ
dubem@io2322,DIEHOECW
dubem@io2323,CLCMEHSD
dubem@io2324,XDEAKGNR
dubem@io2325,RRSRZHSL
dubem@io2326,RNTWXWOQ
dubem@io2327,FTWWKJGG
dubem@io2328,NHEYROEA
dubem@io2329,JLQNUSAY
dubem@io2330,IYBRBHSY
dubem@io2331,UJPGKZQE
dubem@io2332,EWUAXJFP
dubem@io2333,RRAPBRVA
dubem@io2334,AVZWVYKK
dubem@io2335,KFHWPWLG
dubem@io2336,JRINVONS
dubem@io2337,TEOIOVWH
dubem@io2338,WAKBDATN
dubem@io2339,MYEJHREY
dubem@io2340,IKWIXXIC
dubem@io2341,IRZOEPVS
dubem@io2342,LZPTTDWF
dubem@io2343,JPQVTRFZ
dubem@io2344,IPKFXQTC
dubem@io2345,IIHKYUQA
dubem@io2346,MPQIWADU
dubem@io2347,JWEKWCJX
dubem@io2348,VGXUVSFV
dubem@io2349,WRLXXAYU
dubem@io2350,BVJSFVGT
dubem@io2351,YZKDJCGM
dubem@io2352,QKYNNPND
dubem@io2353,NXPNOSDC
dubem@io2354,RBGIKRJA
dubem@io2355,LCRBPDHB
dubem@io2356,FFIYRCBJ
dubem@io2357,KPZMUTUT
dubem@io2358,UOOCIMLZ
dubem@io2359,IROJDWQE
dubem@io2360,SJJNCMTW
dubem@io2361,GZAZOFFZ
dubem@io2362,TPGAZUNI
dubem@io2363,RDZCUMQL
dubem@io2364,DPBFXRVH
dubem@io2365,FSTVGMGQ
dubem@io2366,QLEATFLQ
dubem@io2367,KYZPIJXX
dubem@io2368,IFEELVNZ
dubem@io2369,NHKFFLYS
dubem@io2370,DSROKVGB
dubem@io2371,LEIIEFFZ
dubem@io2372,VLWNUEAT
dubem@io2373,RFNAXKAU
dubem@io2374,KODCUNLH
dubem@io2375,NFLEJVRA
dubem@io2376,AROCRAJN
dubem@io2377,EFFSURHC
dubem@io2378,THSGNFHA
dubem@io2379,BHSZJTZS
dubem@io2380,MCVSBVZZ
dubem@io2381,LVAJLDMV
dubem@io2382,QIOKKAYX
dubem@io2383,BBXDSFKT
dubem@io2384,POWZFYKX
dubem@io2385,PDGZNWDJ
dubem@io2386,LNRRMPCL
dubem@io2387,PDFGSXIZ
dubem@io2388,VGSXAJEH
dubem@io2389,NNODMXTR
dubem@io2390,IICMAGQI
dubem@io2391,MPVTDGHF
dubem@io2392,MCGPYVRP
dubem@io2393,KHQFPTQN
dubem@io2394,LCMANDYU
dubem@io2395,HFQFDRBY
dubem@io2396,FBTRCMSR
dubem@io2397,VLCCRNTK
dubem@io2398,HOBHECNB
dubem@io2399,HEYLKPQD
dubem@io2400,PIMAJBJZ
dubem@io2401,PERWPYJP
dubem@io2402,BKGEHGAZ
dubem@io2403,IDEMVLYP
dubem@io2404,DYEIVKEB
dubem@io2405,BROKJOOY
dubem@io2406,OVADOEAK
dubem@io2407,SWGPDGTT
dubem@io2408,UHDMOTVW
dubem@io2409,MYRQYIMX
dubem@io2410,YWKOIPNA
dubem@io2411,QEMRZIGG
dubem@io2412,KVJWEKQM
dubem@io2413,DIDWTZMP
dubem@io2414,ULVHQNJL
dubem@io2415,EFDAGPQI
dubem@io2416,DRISETVV
dubem@io2417,DCZVXLPI
dubem@io2418,BJYTSLMU
dubem@io2419,DQLJZPXH
dubem@io2420,HGBFHTBR
dubem@io2421,TIMWBJPM
dubem@io2422,NRJSZRLS
dubem@io2423,XXKVEFKX
dubem@io2424,UNVDFXEJ
dubem@io2425,VRBFUUVO
dubem@io2426,BKZLIBDI
dubem@io2427,KQARYWPN
dubem@io2428,SWBLXLEB
dubem@io2429,SIHTCHVG
dubem@io2430,JYKTRGOU
dubem@io2431,SYPPALAC
dubem@io2432,QFMRMZWR
dubem@io2433,OYNTJDQG
dubem@io2434,DENLZMRA
dubem@io2435,FKTPRZOD
dubem@io2436,LSXFUJYM
dubem@io2437,GRZIKQVD
dubem@io2438,EKSIXGLO
dubem@io2439,HMDXCJFQ
dubem@io2440,JOBGSMNB
dubem@io2441,PMVNDSFD
dubem@io2442,YMQFDSLX
dubem@io2443,IAMRDNWR
dubem@io2444,FKFXZPGD
dubem@io2445,YAIVIBCQ
dubem@io2446,BWIDZHVX
dubem@io2447,PGLJXMEC
dubem@io2448,IOVMZCFC
dubem@io2449,ZSAVJKIF
dubem@io2450,YXEFQDZS
dubem@io2451,YCWNLITH
dubem@io2452,FTIFJGVG
dubem@io2453,ENZXOKIF
dubem@io2454,JBPONMQY
dubem@io2455,GAQRGNIA
dubem@io2456,HKIGRBKV
dubem@io2457,HEENFKPP
dubem@io2458,WBIORFIK
dubem@io2459,NAZAWJJN
dubem@io2460,HJBKPVWM
dubem@io2461,VACGPCED
dubem@io2462,NSWYRUVE
dubem@io2463,DTGVEHUZ
dubem@io2464,ACQDRIJF
dubem@io2465,EKAFQLPR
dubem@io2466,VPVSEIQZ
dubem@io2467,VYTXGGVS
dubem@io2468,YRKCNWYU
dubem@io2469,PEHSVBTQ
dubem@io2470,CRLHBOZW
dubem@io2471,CWNGTXRP
dubem@io2472,LJSXOZWU
dubem@io2473,RXQQYOUV
dubem@io2474,QZXUSQEZ
dubem@io2475,CEABEDYV
dubem@io2476,DWNGEGZM
dubem@io2477,WDCXQHQN
dubem@io2478,HZHPNDMQ
dubem@io2479,KGNZFURL
dubem@io2480,JLRCXQOZ
dubem@io2481,TVQZBHKL
dubem@io2482,MIBNJHHR
dubem@io2483,MMBPTXSU
dubem@io2484,FHCXNZJR
dubem@io2485,JXWNWDXH
dubem@io2486,ZXZUQWDX
dubem@io2487,AYQWKMLQ
dubem@io2488,RWWJAFOO
dubem@io2489,AKORZXNB
dubem@io2490,GYDITHKF
dubem@io2491,KLXMPPTQ
dubem@io2492,AAJGRGLH
dubem@io2493,UEYOKUGV
dubem@io2494,LJXYWFAV
dubem@io2495,FAOVXEZX
dubem@io2496,JRSAUDDH
dubem@io2497,JIJDAANT
dubem@io2498,ADQUWOYQ
dubem@io2499,HUGLHEDX
dubem@io2500,PPLJOJIB
dubem@io2501,SRPABMDS
dubem@io2502,RHNWVYPI
dubem@io2503,EEKGIHHP
dubem@io2504,ADQLNJXN
dubem@io2505,WCQFQZRH
dubem@io2506,CTBLSKOE
dubem@io2507,JLESKWMW
dubem@io2508,BXWANRGO
dubem@io2509,VVVMWPEE
dubem@io2510,TCXCJIUR
dubem@io2511,EGCIQFMX
dubem@io2512,ITJPJSQT
dubem@io2513,MVZONNKL
dubem@io2514,ZRIMCQAD
dubem@io2515,QSFGCPOI
dubem@io2516,ZGGOODPB
dubem@io2517,VJDKAGJS
dubem@io2518,LPAPZWRG
dubem@io2519,NASFEYGD
dubem@io2520,OVJTGRGX
dubem@io2521,EDDULHMG
dubem@io2522,YNMZWWDB
dubem@io2523,ZOHYGQCA
dubem@io2524,RVSRNAUO
dubem@io2525,KBZDYRBD
dubem@io2526,PCWNTYMO
dubem@io2527,SOUUGGOG
dubem@io2528,RQJVXHZO
dubem@io2529,NYHUZQHW
dubem@io2530,AYVWASNV
dubem@io2531,BMKUDINE
dubem@io2532,GLYGANWE
dubem@io2533,GGZHQZZU
dubem@io2534,ZNVYTQIO
dubem@io2535,AASHOATZ
dubem@io2536,WJULQHHI
dubem@io2537,WYDGIKKT
dubem@io2538,ICDANOTB
dubem@io2539,GTSICSEP
dubem@io2540,BSFNPWPG
dubem@io2541,VXEHZSFX
dubem@io2542,NRMPFVUB
dubem@io2543,HSZPICFE
dubem@io2544,YPKEODHE
dubem@io2545,PQOIJFSR
dubem@io2546,QQMFMWCX
dubem@io2547,FTJZEOTH
dubem@io2548,BOAERCWV
dubem@io2549,ARBHOXSO
dubem@io2550,INDXCBTA
dubem@io2551,HTMBZOBD
dubem@io2552,SEQJTOXR
dubem@io2553,VUDBWEKZ
dubem@io2554,DAQUTNYG
dubem@io2555,QOWRIAJZ
dubem@io2556,EPXDFMRQ
dubem@io2557,WDELKQYD
dubem@io2558,FGGECAIR
dubem@io2559,JWVCIIZT
dubem@io2560,OSTSBMIE
dubem@io2561,YWWXOHUN
dubem@io2562,MSTZGKDM
dubem@io2563,FXRHZVFH
dubem@io2564,PLRKXMFB
dubem@io2565,TXXPLDLF
dubem@io2566,MWZWQNEC
dubem@io2567,MHVRDUFX
dubem@io2568,JGHFKVXG
dubem@io2569,HTBXFMXQ
dubem@io2570,CKKSMVTM
dubem@io2571,IIWAXWCW
dubem@io2572,FXDBOPDN
dubem@io2573,UEKFJMGG
dubem@io2574,TQKBGDBQ
dubem@io2575,QSHNGRDE
dubem@io2576,KUWHOJWU
dubem@io2577,SNGRPALZ
dubem@io2578,QYFOUWNY
dubem@io2579,URPCBOQB
dubem@io2580,NSBQQVWG
dubem@io2581,CPQAPHDC
dubem@io2582,QCSREYDU
dubem@io2583,XHNUBOUE
dubem@io2584,VPJHPCGP
dubem@io2585,ZLMTUZPH
dubem@io2586,EZSJSCQX
dubem@io2587,MQJMHFMC
dubem@io2588,SYLNSBWV
dubem@io2589,HDIBCOKH
dubem@io2590,WAAWIMKB
dubem@io2591,LJSKRPFW
dubem@io2592,XZRBSXLB
dubem@io2593,BQMSQZMC
dubem@io2594,IPUXPVLD
dubem@io2595,TEQITJLZ
dubem@io2596,KUIHNGFR
dubem@io2597,WVGUFUPC
dubem@io2598,CQPIHGGN
dubem@io2599,BVKLVKII
dubem@io2600,PKOEWOKW
dubem@io2601,TJLKANST
dubem@io2602,MDHCPTIT
dubem@io2603,SIGHBPBZ
dubem@io2604,BONWEFOK
dubem@io2605,JKJUGBPE
dubem@io2606,PLSXMTAQ
dubem@io2607,UNCAKAIK
dubem@io2608,FTHRSBYC
dubem@io2609,ULMRIHVV
dubem@io2610,VMRGHPMT
dubem@io2611,ILJSXKBD
dubem@io2612,KBOVGUYE
dubem@io2613,HHETSFYJ
dubem@io2614,YVBHHCIQ
dubem@io2615,XZBDOTJQ
dubem@io2616,JDCGEESK
dubem@io2617,PSFVLQHN
dubem@io2618,EMXJAXQV
dubem@io2619,MPCKOIVK
dubem@io2620,SLIRIRVX
dubem@io2621,BMQBAJWK
dubem@io2622,XGJIOXYX
dubem@io2623,BBYWBNWT
dubem@io2624,UPPRIRDH
dubem@io2625,MUPQDILU
dubem@io2626,SCHSWLOD
dubem@io2627,LFZPGTRF
dubem@io2628,HUMTGWXR
dubem@io2629,PICBELDF
dubem@io2630,HQCIMNMA
dubem@io2631,PDONFJCB
dubem@io2632,IAGCWCJE
dubem@io2633,OYHJVNDZ
dubem@io2634,FEAZTAKS
dubem@io2635,SYFIZZVS
dubem@io2636,SRLUATUO
dubem@io2637,GFNPWMFC
dubem@io2638,HYVCPWLU
dubem@io2639,GIUTHNZL
dubem@io2640,WTTGSHSR
dubem@io2641,GITQASES
dubem@io2642,MRPMLDEU
dubem@io2643,OAZFEKRA
dubem@io2644,WWGCXORB
dubem@io2645,LQCILJEK
dubem@io2646,GVJIIAAU
dubem@io2647,PTRGRBRP
dubem@io2648,DKXKLKVE
dubem@io2649,WTHXRMLI
dubem@io2650,CFEGXRKO
dubem@io2651,EORQWDJF
dubem@io2652,IGOKZHGJ
dubem@io2653,KNDGVAUT
dubem@io2654,DQQHFEYH
dubem@io2655,HMMAVHAH
dubem@io2656,XXOWUGDV
dubem@io2657,RNOUYVQV
dubem@io2658,TIJPTDAW
dubem@io2659,HAEYXFTK
dubem@io2660,YLGFLAFX
dubem@io2661,NAXYTRAX
dubem@io2662,CHMAUIJI
dubem@io2663,GQZWCDTB
dubem@io2664,AZWQAFJA
dubem@io2665,XFKMENEY
dubem@io2666,QVCBHGFB
dubem@io2667,RCXSDNAM
dubem@io2668,QRHJHEFO
dubem@io2669,CIQWQYGN
dubem@io2670,NFFXXFZS
dubem@io2671,FBSEYECT
dubem@io2672,OXVITQYK
dubem@io2673,XMPEYDNM
dubem@io2674,AXUSBZCP
dubem@io2675,OHDMQZIH
dubem@io2676,KNGEPWRD
dubem@io2677,BFWDIDVM
dubem@io2678,HOZQEMWP
dubem@io2679,PHITJVOD
dubem@io2680,YNIGCBXN
dubem@io2681,GNWXSTEO
dubem@io2682,QWFIMWPQ
dubem@io2683,GNNFNQKA
dubem@io2684,OQBCAMBU
dubem@io2685,IXJHFJPU
dubem@io2686,MGGSLEAU
dubem@io2687,YASFZMLB
dubem@io2688,PFBJHKWR
dubem@io2689,YIHHQZVU
dubem@io2690,KXZLGRIQ
dubem@io2691,MCREMFJF
dubem@io2692,FOSULHBY
dubem@io2693,BOEPQROD
dubem@io2694,VCZLXZRI
dubem@io2695,OONOQRGG
dubem@io2696,PYAXGNXS
dubem@io2697,VRZCMUGB
dubem@io2698,ZJJFKJFC
dubem@io2699,ODORCJFC
dubem@io2700,DWVZGBRW
dubem@io2701,CALEKDDT
dubem@io2702,VBNGIDJA
dubem@io2703,CLJDEUIW
dubem@io2704,LEUWEBJO
dubem@io2705,TPJKRIYX
dubem@io2706,EKSBDAUQ
dubem@io2707,DYRRQNYD
dubem@io2708,NYXZMMHV
dubem@io2709,KFDHUYDC
dubem@io2710,NOFPRZXI
dubem@io2711,DXGBSSJP
dubem@io2712,FGWNSVJX
dubem@io2713,IETWKVWY
dubem@io2714,GDSISEDQ
dubem@io2715,XKTFSOYH
dubem@io2716,MIXYUOYC
dubem@io2717,IFTXMIZV
dubem@io2718,XEEZPNKL
dubem@io2719,LKTKLLME
dubem@io2720,MLHAOVIJ
dubem@io2721,XIYTZOMA
dubem@io2722,USBQOURU
dubem@io2723,LTXXQULH
dubem@io2724,WWSWIGNV
dubem@io2725,NMZNTUCW
dubem@io2726,RDLIXMTL
dubem@io2727,RKDBUHUB
dubem@io2728,JOTAWKTI
dubem@io2729,UXQRWYWH
dubem@io2730,IMFFMWEY
dubem@io2731,GDNHHOWR
dubem@io2732,MNWVXKRY
dubem@io2733,PXNLQLDW
dubem@io2734,TQEVWJWY
dubem@io2735,UXUGVCQI
dubem@io2736,ZGVPRZIA
dubem@io2737,MGCXLFVK
dubem@io2738,MYABJRUE
dubem@io2739,BVIINQBX
dubem@io2740,UPALWMXD
dubem@io2741,TAOTMLPH
dubem@io2742,YRNOQNBQ
dubem@io2743,KNDDFRRY
dubem@io2744,BKOGCAZQ
dubem@io2745,YWUUNNGX
dubem@io2746,YPUDQVRN
dubem@io2747,LUGCOABZ
dubem@io2748,BLGMHLUI
dubem@io2749,MKLRNAYC
dubem@io2750,JTBPDVFR
dubem@io2751,WMDONSXZ
dubem@io2752,OTHMMNRM
dubem@io2753,VHSBPJDN
dubem@io2754,SJMKTJBZ
dubem@io2755,OKEMZCJL
dubem@io2756,BDCVXKRM
dubem@io2757,YTMJNNCD
dubem@io2758,GRZMPDHA
dubem@io2759,WFRIMNMC
dubem@io2760,QFJSENIF
dubem@io2761,ZEIDOHBU
dubem@io2762,HGNRKHRO
dubem@io2763,XZEWVYGL
dubem@io2764,MQPOSJBG
dubem@io2765,BWETZLTA
dubem@io2766,ZXHICRRK
dubem@io2767,SLDCGPSA
dubem@io2768,HPFRCSOM
dubem@io2769,QYITZHGE
dubem@io2770,XBBVYGKX
dubem@io2771,RWGNBUXG
dubem@io2772,RNLTBYSD
dubem@io2773,VBTMAXJD
dubem@io2774,EUATEPPW
dubem@io2775,AGFDOITT
dubem@io2776,SNFUFBYF
dubem@io2777,RTWXTHGL
dubem@io2778,ILOOIKOR
dubem@io2779,JNXBIQTD
dubem@io2780,NFOBGDCN
dubem@io2781,GYVCSZGD
dubem@io2782,RQKZLEBN
dubem@io2783,ZTTFUURS
dubem@io2784,BUNVYEGU
dubem@io2785,UALEZLHR
dubem@io2786,CRJIWIBA
dubem@io2787,IKIXGNSX
dubem@io2788,JATROLKQ
dubem@io2789,OERXEECK
dubem@io2790,LTOWLHWR
dubem@io2791,WVAFBAAM
dubem@io2792,ESVAWOZB
dubem@io2793,GPSVBASU
dubem@io2794,TJXSJSQN
dubem@io2795,NXNAGFEU
dubem@io2796,BEYVLFIJ
dubem@io2797,WRJWMRSZ
dubem@io2798,UIIMYGGV
dubem@io2799,CHJNAZIP
dubem@io2800,AQPEIFQW
dubem@io2801,XSJDIWOT
dubem@io2802,MFGYXQBM
dubem@io2803,SLKCJJPR
dubem@io2804,LGLIWZMX
dubem@io2805,HONJYSSU
dubem@io2806,VKGUPYYQ
dubem@io2807,JXZRFIVR
dubem@io2808,CMPYOAWM
dubem@io2809,JKZSHFLF
dubem@io2810,BKZKIAFS
dubem@io2811,GHLCQTZY
dubem@io2812,KNFQVVBH
dubem@io2813,UXTQGXRH
dubem@io2814,HXLYEHZB
dubem@io2815,EZQHJYGN
dubem@io2816,LBFQMOET
dubem@io2817,KCZZNHZW
dubem@io2818,OJEISCGH
dubem@io2819,JJUKSTNN
dubem@io2820,FRIBIYVU
dubem@io2821,IGFGRWKN
dubem@io2822,XKCZRIOA
dubem@io2823,QUXQHISM
dubem@io2824,FKGYMOQC
dubem@io2825,NAKQRDJO
dubem@io2826,ZNJHWPML
dubem@io2827,GTZCZVAR
dubem@io2828,ZAOTCZOL
dubem@io2829,HZNLOGKU
dubem@io2830,CMSIEYSW
dubem@io2831,VKQBPQJJ
dubem@io2832,WBKRYLBO
dubem@io2833,BXRIMQLM
dubem@io2834,WSDPFNUA
dubem@io2835,TEWRMRKV
dubem@io2836,HHBCLRTM
dubem@io2837,JQLTPEAV
dubem@io2838,RRCXWNOJ
dubem@io2839,TJOFOPTD
dubem@io2840,GULINWRU
dubem@io2841,WQKFGBVR
dubem@io2842,JCUMLDIA
dubem@io2843,MCUEEBIQ
dubem@io2844,IQGBEEJC
dubem@io2845,SLDFSWMU
dubem@io2846,PSBQFJAV
dubem@io2847,CENHEIWK
dubem@io2848,AHEQQMXZ
dubem@io2849,XTPWRTPT
dubem@io2850,YQKHMYFP
dubem@io2851,IJBJRMXM
dubem@io2852,CBXRGUUP
dubem@io2853,YMUMIDWJ
dubem@io2854,UXWSXGYH
dubem@io2855,WISGKNHD
dubem@io2856,FELTNUZZ
dubem@io2857,FLZWYAAB
dubem@io2858,PAGJXPZN
dubem@io2859,EVZAHSMW
dubem@io2860,TJGAUAQB
dubem@io2861,TOWOFCRB
dubem@io2862,NRFKWXOQ
dubem@io2863,DNCWNFXZ
dubem@io2864,PHMXEUEB
dubem@io2865,QEHDKGFK
dubem@io2866,GUPXILOI
dubem@io2867,ONSKFXSS
dubem@io2868,EURSQOMA
dubem@io2869,EIMAJDFP
dubem@io2870,MIGMHQKP
dubem@io2871,NUNTJGLQ
dubem@io2872,MKSTGVXG
dubem@io2873,BONCREUI
dubem@io2874,OUPRNYAY
dubem@io2875,PBDNBPON
dubem@io2876,MCNCHNEP
dubem@io2877,VSQLWKYT
dubem@io2878,NESSZAOF
dubem@io2879,HIPZXZTU
dubem@io2880,JWXBRZIY
dubem@io2881,HWVBWZWG
dubem@io2882,QUEHAZTF
dubem@io2883,AUORTUYN
dubem@io2884,CEQYLEBW
dubem@io2885,USRZXPEI
dubem@io2886,KQOXMKCQ
dubem@io2887,WMRFWXEJ
dubem@io2888,WXSREYFT
dubem@io2889,VIGQHVOR
dubem@io2890,HHSAXXCZ
dubem@io2891,AISMQQNJ
dubem@io2892,XORLPAKV
dubem@io2893,UNYBJPSU
dubem@io2894,MMAIBTYO
dubem@io2895,FAXDNYWA
dubem@io2896,RUXQLHBK
dubem@io2897,OUYMPRZB
dubem@io2898,EZGHFXTX
dubem@io2899,QGLQTJMC
dubem@io2900,MJCPAWDM
dubem@io2901,NFMPYUMA
dubem@io2902,EIFNFAQU
dubem@io2903,BZAYWLNU
dubem@io2904,NREVMWEU
dubem@io2905,PMFUVJMW
dubem@io2906,EBHPDRIH
dubem@io2907,CYEBITCX
dubem@io2908,SQWVJOWW
dubem@io2909,VAFVJZPU
dubem@io2910,PITWGYXY
dubem@io2911,VQZMYIUS
dubem@io2912,BVAFOEQO
dubem@io2913,VQDKVNRH
dubem@io2914,CLPKJYTT
dubem@io2915,NMZLNPBJ
dubem@io2916,NGJITPJI
dubem@io2917,RJYSVZGN
dubem@io2918,WDIGSGLZ
dubem@io2919,BHTALRQM
dubem@io2920,MACRLJRI
dubem@io2921,OYIDQWTN
dubem@io2922,UNPQSABU
dubem@io2923,QLPMTYLH
dubem@io2924,GHXUGLYQ
dubem@io2925,IAOQJCHS
dubem@io2926,NUQXOZCD
dubem@io2927,CYFAUBGB
dubem@io2928,LZXVWTNR
dubem@io2929,LINBSTJD
dubem@io2930,SGRFDYIF
dubem@io2931,QVDMQITQ
dubem@io2932,UEEEEOBW
dubem@io2933,DXUYCVZQ
dubem@io2934,TQBHZJCJ
dubem@io2935,DBRRQLYU
dubem@io2936,ILQATYFE
dubem@io2937,QKZKFSMI
dubem@io2938,ABXAMZHF
dubem@io2939,YRBLVEMB
dubem@io2940,CETQPCTN
dubem@io2941,NQPGJDGD
dubem@io2942,PWBIEAGF
dubem@io2943,HLLSJBKL
dubem@io2944,GDEGDJRB
dubem@io2945,LNGLCGFF
dubem@io2946,PELUPLPH
dubem@io2947,ONHNAZZI
dubem@io2948,DEEFOOVZ
dubem@io2949,TDSAUSUO
dubem@io2950,AHBCBMGB
dubem@io2951,ZPVGGIRO
dubem@io2952,QQNCHVVB
dubem@io2953,EGBEQXVI
dubem@io2954,JOXPWREF
dubem@io2955,LCHHLZMI
dubem@io2956,QNBCHMQF
dubem@io2957,LCMKNVCQ
dubem@io2958,RFEUSZXV
dubem@io2959,VNQGKPSA
dubem@io2960,NCIOMTTW
dubem@io2961,JRPFHYRR
dubem@io2962,QZPQLNRK
dubem@io2963,IQRZIWPC
dubem@io2964,VLKJKWAV
dubem@io2965,NTHFSKKZ
dubem@io2966,IGCATVDW
dubem@io2967,OGDHKXFJ
dubem@io2968,ZWHPADPA
dubem@io2969,JYPGYPCM
dubem@io2970,OVAIDHMA
dubem@io2971,KVIPJOBB
dubem@io2972,ZRSIWABQ
dubem@io2973,UDIBCSSP
dubem@io2974,YOOAIETG
dubem@io2975,ARYNXRBZ
dubem@io2976,XPJYPUGZ
dubem@io2977,ICSYTAQS
dubem@io2978,KNTUSUQX
dubem@io2979,RXTTWUZW
dubem@io2980,HNMVLEGL
dubem@io2981,OGXSKLTF
dubem@io2982,GSIEIORU
dubem@io2983,SCSHBXKW
dubem@io2984,BYKANEHA
dubem@io2985,ZLJSEFQC
dubem@io2986,WPGFHLFG
dubem@io2987,RGANSHTU
dubem@io2988,CPRFUKAA
dubem@io2989,PFTKKKAG
dubem@io2990,CTMOKLFJ
dubem@io2991,MRDFRVZJ
dubem@io2992,DBCVMOSE
dubem@io2993,UPGJONOU
dubem@io2994,OTNKKXJW
dubem@io2995,BEQOVUWI
dubem@io2996,ENSBLUBH
dubem@io2997,OUYDJXWW
dubem@io2998,OOFLIPCZ
dubem@io2999,ZCPMMZJA
dubem@io3000,FPOJRBBX
dubem@io3001,ALCNITPY
dubem@io3002,TKDTGNWM
dubem@io3003,TWVXBRCH
dubem@io3004,AEAKPDXY
dubem@io3005,WYKFNLXJ
dubem@io3006,UQFYBDHC
dubem@io3007,BVFKFFKZ
dubem@io3008,QAQXJBSV
dubem@io3009,HEITEYNJ
dubem@io3010,UVZRNSSA
dubem@io3011,AXUMNLMW
dubem@io3012,WYUBMVUR
dubem@io3013,HLWTWYOA
dubem@io3014,INHEBNUO
dubem@io3015,FRZMCAZP
dubem@io3016,JAVLKQTV
dubem@io3017,WXCCQDBV
dubem@io3018,ECVMBETE
dubem@io3019,MROPZNAI
dubem@io3020,KFUDAWEM
dubem@io3021,NFSFPHQJ
dubem@io3022,KXEXXJFV
dubem@io3023,SCROSLJY
dubem@io3024,JXJPHJMW
dubem@io3025,SZBOQGIK
dubem@io3026,HBSTSKRA
dubem@io3027,OOUMWELN
dubem@io3028,CLOQVGJK
dubem@io3029,KCACMPLT
dubem@io3030,XPIQKJXO
dubem@io3031,BJIUUJUZ
dubem@io3032,ZQGZIEEC
dubem@io3033,EJPTFWNX
dubem@io3034,YOYOICLO
dubem@io3035,XJWUBSCK
dubem@io3036,BPJKPTAA
dubem@io3037,MMSACXXW
dubem@io3038,TCZYTAJW
dubem@io3039,QDSUBMAQ
dubem@io3040,BNAHZWMB
dubem@io3041,VODCESSE
dubem@io3042,EGQLGDSP
dubem@io3043,ROLUEVZL
dubem@io3044,YTIFBZOE
dubem@io3045,YXMTCSMR
dubem@io3046,PPRETORB
dubem@io3047,XKILTAUD
dubem@io3048,SRFMRHRD
dubem@io3049,XCTBZSLF
dubem@io3050,HZYOVYAR
dubem@io3051,OOTFMRTQ
dubem@io3052,SKUJUADP
dubem@io3053,IKTMXOOA
dubem@io3054,FMQTMKRC
dubem@io3055,KRUJELOC
dubem@io3056,LNGVWUHK
dubem@io3057,ZDQITAYH
dubem@io3058,LMRGBNOV
dubem@io3059,GTGIPTAU
dubem@io3060,SNSMBZSY
dubem@io3061,FXXLSKXD
dubem@io3062,TPIUTEOJ
dubem@io3063,PBGYLAXI
dubem@io3064,DFBGPEDS
dubem@io3065,FHVRJOUP
dubem@io3066,TWEAJSRU
dubem@io3067,LXIGIRBO
dubem@io3068,OSCNYIQB
dubem@io3069,BEBXZAYK
dubem@io3070,FBHDSESW
dubem@io3071,ITKSTMOG
dubem@io3072,PMWRJFII
dubem@io3073,GGALGXTA
dubem@io3074,PYLEPSJR
dubem@io3075,XOMTJBGG
dubem@io3076,YAXZNAVM
dubem@io3077,BEUDXINX
dubem@io3078,HFJQDHZO
dubem@io3079,QHXEIYOP
dubem@io3080,VXSYIMOF
dubem@io3081,ZZMWJUEF
dubem@io3082,DHMRNMAV
dubem@io3083,AYIOGQEN
dubem@io3084,HOZDFIJF
dubem@io3085,TKAZVYGQ
dubem@io3086,ZIRQHHUI
dubem@io3087,TAZVCHCB
dubem@io3088,XETTCOCD
dubem@io3089,MRXFULYR
dubem@io3090,CUSDVLQB
dubem@io3091,VTMOWPDK
dubem@io3092,GUTRFWJU
dubem@io3093,BOXEXOML
dubem@io3094,KNAEVTZH
dubem@io3095,OYEMWWKQ
dubem@io3096,MKDNMWTI
dubem@io3097,EQXYRQHK
dubem@io3098,JDMADBHK
dubem@io3099,FEWMYKGT
dubem@io3100,VTCUIAKX
dubem@io3101,EUPQFXIE
dubem@io3102,JNYQYSHC
dubem@io3103,ZDTBBGTR
dubem@io3104,KUGHTLRH
dubem@io3105,RBNPKBPR
dubem@io3106,QQIVOPCV
dubem@io3107,IHYDWZTY
dubem@io3108,HGPEVVVA
dubem@io3109,QHKTHIFW
dubem@io3110,HOTBKDLV
dubem@io3111,KKBHZDLY
dubem@io3112,WBTKHSHW
dubem@io3113,WFTTCEIT
dubem@io3114,VADQEWIR
dubem@io3115,DBSTYOBK
dubem@io3116,INCELVNA
dubem@io3117,CLDXJAXI
dubem@io3118,LBCKJMLL
dubem@io3119,EVVTFAAT
dubem@io3120,PPISQAHO
dubem@io3121,IIEIOSHR
dubem@io3122,TMOULTTH
dubem@io3123,SUWUYSXD
dubem@io3124,ICFRFQMX
dubem@io3125,TXUZPUFU
dubem@io3126,TJGCLUDM
dubem@io3127,LENHGVAB
dubem@io3128,YCIICCUG
dubem@io3129,CXSCVHPH
dubem@io3130,FRFQGORC
dubem@io3131,PSIGDQMW
dubem@io3132,TBSITQZK
dubem@io3133,AEKCSYNB
dubem@io3134,OYFUGHIA
dubem@io3135,NCQYKPYD
dubem@io3136,OBGOYSNL
dubem@io3137,LCNHMAFZ
dubem@io3138,REXLLYBF
dubem@io3139,PQAINZGQ
dubem@io3140,TEKJMHPV
dubem@io3141,HOYDTTCM
dubem@io3142,ORHEPEBK
dubem@io3143,FUIYGTZW
dubem@io3144,TBXEMSHD
dubem@io3145,BEPDDWBE
dubem@io3146,DIBRZHJQ
dubem@io3147,PBORZRQG
dubem@io3148,WXASPKOM
dubem@io3149,BULVPYCO
dubem@io3150,MZBFGSQW
dubem@io3151,OGHDSOXX
dubem@io3152,DVPEKMOW
dubem@io3153,VWEHJYTW
dubem@io3154,WQPXONYF
dubem@io3155,PFHKMFTI
dubem@io3156,YVRQEHST
dubem@io3157,VRUGBUNR
dubem@io3158,MNHWEEEP
dubem@io3159,PFQLTQQY
dubem@io3160,TBQEMSFQ
dubem@io3161,XZNILWJR
dubem@io3162,OOSWZLFV
dubem@io3163,IHQVKVHU
dubem@io3164,DUIGXFAR
dubem@io3165,ZMYFCOVW
dubem@io3166,RVZCZHQI
dubem@io3167,WAYTDAXS
dubem@io3168,EQKFDEBL
dubem@io3169,ESJDMWKA
dubem@io3170,ZPIONNHY
dubem@io3171,JZADVBZA
dubem@io3172,RVTMEGKO
dubem@io3173,HLJWZKVS
dubem@io3174,UIATLAAS
dubem@io3175,BOPYWTVE
dubem@io3176,MIEKYERJ
dubem@io3177,GPNVWWNZ
dubem@io3178,SEIPFCXN
dubem@io3179,RBUOSCBL
dubem@io3180,QTYAIYMR
dubem@io3181,HVWWEFAT
dubem@io3182,FSCQSKZU
dubem@io3183,IDYFUACQ
dubem@io3184,ADUQWPYA
dubem@io3185,VHCBQTCM
dubem@io3186,AALXPHRM
dubem@io3187,CQTDABWN
dubem@io3188,IYSUUJME
dubem@io3189,JDNGNLCH
dubem@io3190,MPOIWPVO
dubem@io3191,LXPNYKAY
dubem@io3192,EQQEZEVD
dubem@io3193,PATAJGGL
dubem@io3194,XUKVIQFD
dubem@io3195,RPVARZNX
dubem@io3196,FYYEUVTP
dubem@io3197,NTHVZXVC
dubem@io3198,WZPGODEV
dubem@io3199,IBEBBRGV
dubem@io3200,XUVCLDJK
dubem@io3201,AGRXIDBL
dubem@io3202,FHKQLFUK
dubem@io3203,ALQUZZFW
dubem@io3204,TFZQAYOA
dubem@io3205,WYNBXNDB
dubem@io3206,LVKKYQLZ
dubem@io3207,NKIEPLVA
dubem@io3208,RFKVDIJM
dubem@io3209,WOMWEUVT
dubem@io3210,JWSNCGMK
dubem@io3211,QEFSEZZR
dubem@io3212,LZKHFCKQ
dubem@io3213,WWULIOUA
dubem@io3214,JTWXKWQV
dubem@io3215,XSDWIOLT
dubem@io3216,DCXWPYUE
dubem@io3217,XZRCJEAS
dubem@io3218,ORXBSAEW
dubem@io3219,QYISQIAD
dubem@io3220,LUAJCMCB
dubem@io3221,CMBUBXGY
dubem@io3222,PIMYUBGJ
dubem@io3223,KMFYMIQA
dubem@io3224,KMPHXZHY
dubem@io3225,EBSNSJLM
dubem@io3226,WFROMSQL
dubem@io3227,OXXHPICC
dubem@io3228,ZZRAPKOY
dubem@io3229,WPYUGGQS
dubem@io3230,PCCOVHRU
dubem@io3231,BKTBIGAQ
dubem@io3232,UFKXJMDT
dubem@io3233,ABINCUBQ
dubem@io3234,CNAERTNC
dubem@io3235,RWIDMUQD
dubem@io3236,APJSBFDO
dubem@io3237,MKGIFQAX
dubem@io3238,AYXBGDAF
dubem@io3239,RQMMSMJX
dubem@io3240,UMZCZJXH
dubem@io3241,CKBIQSHS
dubem@io3242,YEJQFAPI
dubem@io3243,UOHASZZN
dubem@io3244,EEZTQIYJ
dubem@io3245,OHXWNIKJ
dubem@io3246,NUJIXEMZ
dubem@io3247,JAMQHHDJ
dubem@io3248,FZGMAZMB
dubem@io3249,OWXGBRHO
dubem@io3250,CUKBIAVA
dubem@io3251,ANPJXUXX
dubem@io3252,NZPZJOJV
dubem@io3253,JDNILHFS
dubem@io3254,QYEKXOHT
dubem@io3255,UVBDTVRX
dubem@io3256,FCGAHQZE
dubem@io3257,RYKTNCBT
dubem@io3258,IQRGIVNO
dubem@io3259,KYXWIKJA
dubem@io3260,RMJOVQNE
dubem@io3261,SVBPHZLR
dubem@io3262,JXEYIXVK
dubem@io3263,RYAATQUE
dubem@io3264,USVEVLMX
dubem@io3265,MBJPRBNK
dubem@io3266,QOFITOTS
dubem@io3267,XTCIZDVA
dubem@io3268,ETIUFDWJ
dubem@io3269,HKQPCBLU
dubem@io3270,KBVTOCMZ
dubem@io3271,VZVEAQBM
dubem@io3272,EVPPPCYF
dubem@io3273,QYLLLFFB
dubem@io3274,PFJTLUJY
dubem@io3275,SABLIBGR
dubem@io3276,LEUUYXUK
dubem@io3277,YSFIJUGI
dubem@io3278,YLLZKIIX
dubem@io3279,YZTNHZGO
dubem@io3280,ZJWARWJP
dubem@io3281,JTZLNHTB
dubem@io3282,SPCLWZIS
dubem@io3283,LHRWUYMH
dubem@io3284,YNGXWBGH
dubem@io3285,ZANDGQCD
dubem@io3286,KQGZNPJS
dubem@io3287,URFGEBDW
dubem@io3288,KDQDXBLC
dubem@io3289,JCTLPDGU
dubem@io3290,EMSKXFUB
dubem@io3291,EVBSNZXO
dubem@io3292,YXDMRBCC
dubem@io3293,YYGLMTLU
dubem@io3294,LDHNFEXL
dubem@io3295,DCESPDOK
dubem@io3296,TBJDHPGO
dubem@io3297,HGIKZBGK
dubem@io3298,TVMASZWF
dubem@io3299,QLIKUZOF
dubem@io3300,GOPBDKCF
dubem@io3301,BBLEMYSU
dubem@io3302,WLXEWRIY
dubem@io3303,ZKHQHDDP
dubem@io3304,JZKEATSZ
dubem@io3305,WQRCATPV
dubem@io3306,SDGGPRRT
dubem@io3307,SXOGNYUM
dubem@io3308,OOAPEGJH
dubem@io3309,IZPXXJBZ
dubem@io3310,VAHNZDIS
dubem@io3311,UQTVWIIJ
dubem@io3312,KTTKNVZI
dubem@io3313,FSAJLTAC
dubem@io3314,FBVTVNLN
dubem@io3315,CKWRSPHJ
dubem@io3316,RTJUCYMY
dubem@io3317,TNHCUMAF
dubem@io3318,ZUGOCOUD
dubem@io3319,PFKPOGYA
dubem@io3320,URYLRMKK
dubem@io3321,KVICRNWB
dubem@io3322,KAOFTCKT
dubem@io3323,BVDNCYNT
dubem@io3324,AJYZMOYX
dubem@io3325,KICKUVTK
dubem@io3326,RQYJWAQU
dubem@io3327,JTNHSDXW
dubem@io3328,MAUYZWMS
dubem@io3329,FOXTLWHI
dubem@io3330,ODOWSGLK
dubem@io3331,JZGJPUGZ
dubem@io3332,EVFAJMZO
dubem@io3333,EDOZIUAY
dubem@io3334,PAHKFPOX
dubem@io3335,WFWVCUPM
dubem@io3336,BRWRSZDJ
dubem@io3337,SQDTVYFQ
dubem@io3338,WTXLSBYO
dubem@io3339,WFZANIDG
dubem@io3340,IHPIYYOA
dubem@io3341,ODDDIERR
dubem@io3342,PUMGHFLT
dubem@io3343,UQDZTLNM
dubem@io3344,KSLXLBGV
dubem@io3345,JPNKKWLG
dubem@io3346,MJVXJJVJ
dubem@io3347,WXSKDIYZ
dubem@io3348,TEUFNQNV
dubem@io3349,VMUNNXWP
dubem@io3350,VVVLIHQC
dubem@io3351,QPQZKHCU
dubem@io3352,HZRGBNYD
dubem@io3353,QDOEDTMM
dubem@io3354,RZAFNULB
dubem@io3355,LLPHTRLS
dubem@io3356,BIDUNIWF
dubem@io3357,UZDPNTBV
dubem@io3358,BGXVFGFQ
dubem@io3359,EZYATXTN
dubem@io3360,RXEWPBXB
dubem@io3361,UQPDJABK
dubem@io3362,UTJNRQWV
dubem@io3363,YHMWOVBL
dubem@io3364,WGOTJEYH
dubem@io3365,HEESUXAZ
dubem@io3366,YRGRLVBC
dubem@io3367,JXULUFCU
dubem@io3368,QVQIDUNS
dubem@io3369,UYGWZTFV
dubem@io3370,BAFSXNQA
dubem@io3371,VTNCOEIX
dubem@io3372,OHKQGRIT
dubem@io3373,YUZJJIHF
dubem@io3374,INFGPVJE
dubem@io3375,ZTUJTNBR
dubem@io3376,RVVQIQBA
dubem@io3377,OFEJBTDP
dubem@io3378,SUBXEAAX
dubem@io3379,CQJQXYSE
dubem@io3380,DJWDCBIV
dubem@io3381,NZCWMBCO
dubem@io3382,WUZORSLQ
dubem@io3383,HQZLHBXG
dubem@io3384,GFHMTLHO
dubem@io3385,FYLSEEPA
dubem@io3386,NFPOCFGL
dubem@io3387,RYBRDXBQ
dubem@io3388,ZPMCHJPK
dubem@io3389,MBQMVTUR
dubem@io3390,ZTVJHZLX
dubem@io3391,TODLKVDX
dubem@io3392,PJLYYRAI
dubem@io3393,QPNAEEJJ
dubem@io3394,SSWFBBAJ
dubem@io3395,RRDSVZQO
dubem@io3396,WCKRJASQ
dubem@io3397,SXLRFNRH
dubem@io3398,ULHCRRGE
dubem@io3399,RAFIPQST
dubem@io3400,FQMGTMHV
dubem@io3401,XOQIJYOK
dubem@io3402,ZIBYDKFM
dubem@io3403,WFUSMLXW
dubem@io3404,ARQWILZS
dubem@io3405,MSBZNSDW
dubem@io3406,EMOCFBHZ
dubem@io3407,TPGKHDKE
dubem@io3408,ZEWVJIRH
dubem@io3409,CJAEOUQD
dubem@io3410,NRUNVGDJ
dubem@io3411,TSSZYXHI
dubem@io3412,SVHTERXH
dubem@io3413,VAQNMWCF
dubem@io3414,CACJADYK
dubem@io3415,MPXONZNC
dubem@io3416,KRDVEBCD
dubem@io3417,QMXIEANB
dubem@io3418,FSXEFEBD
dubem@io3419,AADYKYHD
dubem@io3420,IKPGBKWV
dubem@io3421,VXMJPLOR
dubem@io3422,OZLVYYLD
dubem@io3423,WFFDPBVW
dubem@io3424,PFWIGPFN
dubem@io3425,GYXJCPHO
dubem@io3426,EYLUVOWB
dubem@io3427,PIOUQJEM
dubem@io3428,VEGLZZIZ
dubem@io3429,PDDLRNWY
dubem@io3430,FWVYIJVN
dubem@io3431,UYYULJHL
dubem@io3432,VHDJRIXV
dubem@io3433,COYFLKCT
dubem@io3434,OMZVZLXI
dubem@io3435,RGEJOQZB
dubem@io3436,TVUBHJJA
dubem@io3437,GWMIBHWG
dubem@io3438,VRDBFTDA
dubem@io3439,AQKYHPDE
dubem@io3440,XUFFKNGJ
dubem@io3441,FGQFHYUP
dubem@io3442,HBEFMIVR
dubem@io3443,OVHMTTOZ
dubem@io3444,NUHAVFUN
dubem@io3445,EZCDQBNS
dubem@io3446,EZXUMDEU
dubem@io3447,VMUULQQI
dubem@io3448,QCSXLGCR
dubem@io3449,SSNBNCUB
dubem@io3450,JCFCFGYV
dubem@io3451,EPRRBQYX
dubem@io3452,PLFMQUPM
dubem@io3453,HHHRTBEN
dubem@io3454,RNQFGNIV
dubem@io3455,GGSPJIFV
dubem@io3456,IBNACSJV
dubem@io3457,UGMJISNU
dubem@io3458,TULIZFXK
dubem@io3459,SSDVOQET
dubem@io3460,PWMKLZGT
dubem@io3461,MKXZEPTD
dubem@io3462,PHWXXBGD
dubem@io3463,YOQZRAWQ
dubem@io3464,TOUJMCAE
dubem@io3465,YYIUCIWM
dubem@io3466,SLPKVFGJ
dubem@io3467,ZKOUKCCF
dubem@io3468,YXXUVWQS
dubem@io3469,ABSYEIIC
dubem@io3470,BLYDAOYC
dubem@io3471,YWZPIRAU
dubem@io3472,FVMNGNRW
dubem@io3473,CKRCOOBT
dubem@io3474,MXFKIOLD
dubem@io3475,VOFMKFCY
dubem@io3476,FWQWIZHW
dubem@io3477,MVCBCRAM
dubem@io3478,JYZNNXHK
dubem@io3479,LOHWREHX
dubem@io3480,QDLJCRXA
dubem@io3481,LMCHIQOA
dubem@io3482,XCURIPPI
dubem@io3483,VFATHDRJ
dubem@io3484,RZHWWWMY
dubem@io3485,CLBBPMUS
dubem@io3486,MNVIBAJO
dubem@io3487,OLWKEZVH
dubem@io3488,GPSRBDKY
dubem@io3489,MYMQYOMH
dubem@io3490,VJJBOCAP
dubem@io3491,DWCRYNJL
dubem@io3492,ADSGFGTX
dubem@io3493,IIPAOHNM
dubem@io3494,DXCRTOJH
dubem@io3495,ZPYZNKUL
dubem@io3496,LUKIOROY
dubem@io3497,GGSXCFPF
dubem@io3498,LQIPYWOI
dubem@io3499,KRRSDEUM
dubem@io3500,KNUXWCMB
dubem@io3501,XNWJYLZP
dubem@io3502,JVCMDDID
dubem@io3503,UICASWRK
dubem@io3504,QXAKEVBG
dubem@io3505,ILASRHJI
dubem@io3506,PVMOKBXB
dubem@io3507,TCHVOZBS
dubem@io3508,SIHRMKED
dubem@io3509,VKPOLDUD
dubem@io3510,ZGTYXPTP
dubem@io3511,AKZUBYQY
dubem@io3512,ZHFJWALL
dubem@io3513,RKEIZIFP
dubem@io3514,GDSQHJNS
dubem@io3515,BWTCGDOW
dubem@io3516,KZVAPQKH
dubem@io3517,XZALYDGA
dubem@io3518,EROVCQPE
dubem@io3519,TDTSTCDM
dubem@io3520,IUTJTZZM
dubem@io3521,XKRQDCEU
dubem@io3522,RGRQITYN
dubem@io3523,BSKSDUAR
dubem@io3524,ONWGDSGI
dubem@io3525,RIYEWSIT
dubem@io3526,JMZCYZZI
dubem@io3527,RQPNPESD
dubem@io3528,XJZFMNBH
dubem@io3529,TXBKTLJU
dubem@io3530,WCIIVCNO
dubem@io3531,OUTHIVMA
dubem@io3532,IUJFLNKE
dubem@io3533,MYXLMNUX
dubem@io3534,JQQKTBKC
dubem@io3535,KHAUNYFE
dubem@io3536,VXQQYBUC
dubem@io3537,GRADWXAN
dubem@io3538,INWVNWTC
dubem@io3539,NTTZADGJ
dubem@io3540,TCQITCEX
dubem@io3541,IQWETRUK
dubem@io3542,ZQTGOYDH
dubem@io3543,XNEQMWWG
dubem@io3544,LHUPEONF
dubem@io3545,UXAEISPG
dubem@io3546,MGKFUOPT
dubem@io3547,MBPEDIIE
dubem@io3548,BALIXEAH
dubem@io3549,IHINARES
dubem@io3550,ECEJXZXH
dubem@io3551,KFCANAAP
dubem@io3552,FTOOOJFO
dubem@io3553,SWITLCBQ
dubem@io3554,BTQISZRR
dubem@io3555,NLVCEVND
dubem@io3556,STDBJBIW
dubem@io3557,QLBOWLEC
dubem@io3558,IDNZQGZJ
dubem@io3559,KLBFZNWA
dubem@io3560,RTFLXKFH
dubem@io3561,BWYHVNGL
dubem@io3562,JKPDYWBW
dubem@io3563,HCEWUJKT
dubem@io3564,BYOWUJMQ
dubem@io3565,ENOUCVNR
dubem@io3566,BQRROXAP
dubem@io3567,HTTIXAPS
dubem@io3568,OCOUJDLU
dubem@io3569,WGOCNNKK
dubem@io3570,JVUKBOQE
dubem@io3571,SAKYCRMK
dubem@io3572,QGIMLOUE
dubem@io3573,IVCUMWGU
dubem@io3574,FZDZDIXN
dubem@io3575,OFCVILGH
dubem@io3576,FMJCYWRQ
dubem@io3577,ITEWNNXL
dubem@io3578,HXTOMOIK
dubem@io3579,TLHPLUKR
dubem@io3580,JAQXPKTS
dubem@io3581,IYQGEWIU
dubem@io3582,GEGFQQBW
dubem@io3583,DXCFXOMG
dubem@io3584,AQDYVZHW
dubem@io3585,AYGDJCJC
dubem@io3586,FENHZVYL
dubem@io3587,YHJFJNNK
dubem@io3588,HTTADMQT
dubem@io3589,YVHFFRAW
dubem@io3590,QTGANQKS
dubem@io3591,VPUMQHRV
dubem@io3592,GZEWMGMF
dubem@io3593,TLQWKLLJ
dubem@io3594,ABXLAICF
dubem@io3595,MEMXMVQQ
dubem@io3596,VIMROJYL
dubem@io3597,HQBDYVLT
dubem@io3598,UFDVYUBE
dubem@io3599,NYJGZKIM
dubem@io3600,APLSHNHK
dubem@io3601,ZLGMNHCR
dubem@io3602,BYGQCAHU
dubem@io3603,LCEBVUFP
dubem@io3604,HENURTDX
dubem@io3605,YFRIWNRS
dubem@io3606,YZPYNWPD
dubem@io3607,MJMADTJD
dubem@io3608,DOEEBNFT
dubem@io3609,BKAFESKW
dubem@io3610,NJMHTJLH
dubem@io3611,VMCQQRLG
dubem@io3612,FZEUMFIA
dubem@io3613,HAVIGEPU
dubem@io3614,TBUPZPOE
dubem@io3615,RXHICNIG
dubem@io3616,LCDWEVBV
dubem@io3617,TLDSVVTJ
dubem@io3618,EQUWRPQI
dubem@io3619,TKQQATDQ
dubem@io3620,SLHUNXWN
dubem@io3621,JPSVFWXI
dubem@io3622,WOAZZVKX
dubem@io3623,QXXVYZXT
dubem@io3624,NKRPFMAY
dubem@io3625,VKYADDOI
dubem@io3626,CWXGHCOO
dubem@io3627,ZCHWBWQR
dubem@io3628,RQLWOVKN
dubem@io3629,OQTWLBLV
dubem@io3630,VCZKVLEN
dubem@io3631,TVXJFRON
dubem@io3632,CDSYKQMY
dubem@io3633,IPKNGTFW
dubem@io3634,IQOINPZY
dubem@io3635,PLJNCPJU
dubem@io3636,STSFPGMW
dubem@io3637,MWINGKNC
dubem@io3638,MCRLQUNN
dubem@io3639,TLAAZHIK
dubem@io3640,QHZQVWRQ
dubem@io3641,EXJXMXSR
dubem@io3642,UHTDYFRL
dubem@io3643,ENBZRJYE
dubem@io3644,ATRBFESM
dubem@io3645,ZUQEKHTL
dubem@io3646,ISGZAWVR
dubem@io3647,QIFESJXV
dubem@io3648,EXNSUVYR
dubem@io3649,WUPSOGNR
dubem@io3650,IGALCQYR
dubem@io3651,QXIUKZVZ
dubem@io3652,HLKGJGIM
dubem@io3653,ADOOLGSC
dubem@io3654,KEETXGGW
dubem@io3655,MAKYNOND
dubem@io3656,JSYAJNXO
dubem@io3657,AHSFHEPX
dubem@io3658,IAJDEYOJ
dubem@io3659,NAULWFNG
dubem@io3660,JUXLUVZV
dubem@io3661,YRRKQKQC
dubem@io3662,XLPNEFTW
dubem@io3663,EUFQHTJY
dubem@io3664,JFDYCVPB
dubem@io3665,OFRXANXA
dubem@io3666,RDPKYNEZ
dubem@io3667,LWAMZTEQ
dubem@io3668,BTOZMHMX
dubem@io3669,KZVWRIUP
dubem@io3670,DLNYBCUF
dubem@io3671,OLRMQUDK
dubem@io3672,HQFIRLZS
dubem@io3673,NZOWZWIY
dubem@io3674,POMZLPYK
dubem@io3675,DNEMMZIN
dubem@io3676,BIDAGTWN
dubem@io3677,YCVGXXCR
dubem@io3678,BLOSJQJS
dubem@io3679,NMTBEEYT
dubem@io3680,DVBXADIP
dubem@io3681,QZBEIEFA
dubem@io3682,GVBBBXKS
dubem@io3683,RJUHJUZO
dubem@io3684,WLLERWWH
dubem@io3685,NPKAKYVV
dubem@io3686,AENXAAAF
dubem@io3687,GMEAETHN
dubem@io3688,OARNRWYE
dubem@io3689,FXGMHNMO
dubem@io3690,YSBUZOAW
dubem@io3691,LJIMYQVE
dubem@io3692,HCPPHZKF
dubem@io3693,AQCRIZQJ
dubem@io3694,OQYCJGCX
dubem@io3695,BWDNKEFV
dubem@io3696,FNAPFCAQ
dubem@io3697,OMMJRWIU
dubem@io3698,CMKWQFKI
dubem@io3699,NYMABDCH
dubem@io3700,ODTHLHTK
dubem@io3701,SCPBBLQN
dubem@io3702,CVIOAJNI
dubem@io3703,OVUZEQSG
dubem@io3704,BVLNOGWR
dubem@io3705,UNCQWYEB
dubem@io3706,NTJHMEVA
dubem@io3707,DBQKHNKH
dubem@io3708,CUFSPSSS
dubem@io3709,RVNGBFQY
dubem@io3710,SAHUYEGV
dubem@io3711,MAOBNBHW
dubem@io3712,WWRMXDPM
dubem@io3713,HYYOCMXW
dubem@io3714,YONCPWZQ
dubem@io3715,CDPSCCLJ
dubem@io3716,QOEXOFVO
dubem@io3717,YBZMUCYI
dubem@io3718,KBYQZBOY
dubem@io3719,GKJLAODT
dubem@io3720,CSFPALJH
dubem@io3721,UOSPEIZW
dubem@io3722,WJAVAKVS
dubem@io3723,WUEHKSIH
dubem@io3724,YAIZBCGV
dubem@io3725,VGJNVETQ
dubem@io3726,OMWTIXWY
dubem@io3727,STBFEVRG
dubem@io3728,OAQBVETF
dubem@io3729,FWRWADKD
dubem@io3730,NONGGWOU
dubem@io3731,IDRBBISL
dubem@io3732,YUVDKAJS
dubem@io3733,CPVWXEGP
dubem@io3734,AVEBOTQM
dubem@io3735,MHXZTFOG
dubem@io3736,FBKGLWNT
dubem@io3737,HQROBQNF
dubem@io3738,YNBYUUPX
dubem@io3739,HXRUTCUC
dubem@io3740,LJZKTCJW
dubem@io3741,LKJSJEZC
dubem@io3742,WHXRMGFI
dubem@io3743,FOKJNQER
dubem@io3744,BEDZMTGZ
dubem@io3745,ZRLFGGBR
dubem@io3746,GHMGHMHC
dubem@io3747,JVRRIQES
dubem@io3748,GDFAWQDF
dubem@io3749,OITYTOAE
dubem@io3750,ZSSXNDZV
dubem@io3751,XJAYUDJQ
dubem@io3752,MDFJIRYT
dubem@io3753,BGQOYPSC
dubem@io3754,RXLIVFSV
dubem@io3755,ZDNRXBQF
dubem@io3756,QWSKZFES
dubem@io3757,NVOSPOMV
dubem@io3758,WHWPDQVX
dubem@io3759,OVXVKGYB
dubem@io3760,PPSLMISQ
dubem@io3761,FISKTFOT
dubem@io3762,KWOLFWWZ
dubem@io3763,MZIQZABG
dubem@io3764,DWCXUOTO
dubem@io3765,UPVLDYBW
dubem@io3766,RJJJXWLP
dubem@io3767,TUXVEXZA
dubem@io3768,DWBVJHRX
dubem@io3769,NJZIVALX
dubem@io3770,JCYSYCUM
dubem@io3771,NWPLDLEG
dubem@io3772,UBTXMKUL
dubem@io3773,DEVRXVWM
dubem@io3774,YNBFCMFQ
dubem@io3775,WCBWXZGK
dubem@io3776,HCXGXKNP
dubem@io3777,RBPOODWS
dubem@io3778,HLFMZGMW
dubem@io3779,POPTTTST
dubem@io3780,ASOUFZKI
dubem@io3781,DHBZVEBV
dubem@io3782,UPOOVILK
dubem@io3783,JYKDUZPK
dubem@io3784,XOEAYRCB
dubem@io3785,JHKOMIKZ
dubem@io3786,WEMRLRYC
dubem@io3787,ZOIWOCKU
dubem@io3788,JSFUEIHT
dubem@io3789,SIZIIONR
dubem@io3790,DIIKXOZA
dubem@io3791,NRAQDUZG
dubem@io3792,OXAFWPAQ
dubem@io3793,COMCYMPS
dubem@io3794,RVCQCCBU
dubem@io3795,JGTGSBLL
dubem@io3796,QWGLFBBJ
dubem@io3797,IRSVXIBJ
dubem@io3798,WJOSLRGQ
dubem@io3799,VSGXELON
dubem@io3800,HKBPUERB
dubem@io3801,TUCUOSJL
dubem@io3802,ZZXDKQLN
dubem@io3803,YBFAQCVI
dubem@io3804,OESOEDZU
dubem@io3805,NINRDGVP
dubem@io3806,WBBLUBIB
dubem@io3807,PPPFFOPE
dubem@io3808,WPYLRCQX
dubem@io3809,YWAVAOED
dubem@io3810,YXMDMXCM
dubem@io3811,LPNCEUPC
dubem@io3812,VZIDLSKA
dubem@io3813,GDUEDJCX
dubem@io3814,LGYCFVOY
dubem@io3815,LVQTWWDS
dubem@io3816,DMKMCNME
dubem@io3817,FPFHFGLJ
dubem@io3818,IBHGKIXU
dubem@io3819,DBPTZWVD
dubem@io3820,ZDQNGVOW
dubem@io3821,JOPAWEFF
dubem@io3822,VNIUMAFV
dubem@io3823,NTAASTXN
dubem@io3824,MSVAIWKL
dubem@io3825,PEFPONNQ
dubem@io3826,ESSZWZKW
dubem@io3827,YYUXIGHL
dubem@io3828,WCIEDQPQ
dubem@io3829,TCATPCII
dubem@io3830,ASGUWZQL
dubem@io3831,DBCTMNTE
dubem@io3832,KOIZZGML
dubem@io3833,GWLOPUCN
dubem@io3834,HCEVWZYT
dubem@io3835,AETGPDFO
dubem@io3836,DQGNRWVP
dubem@io3837,IXVIYREG
dubem@io3838,OVNUHMSR
dubem@io3839,OZCJVOCI
dubem@io3840,AGUMWUPI
dubem@io3841,GJNZPVHC
dubem@io3842,TFLNXORK
dubem@io3843,WVPWPIPF
dubem@io3844,ECBXAGIF
dubem@io3845,KGJXMPSH
dubem@io3846,QTCMVSIV
dubem@io3847,WVWDZHLE
dubem@io3848,UARHGFJR
dubem@io3849,ATBPJWKZ
dubem@io3850,PHKGFSEP
dubem@io3851,FTTJGFVX
dubem@io3852,PGODIUNP
dubem@io3853,XMLGKNEP
dubem@io3854,MQTEOCFV
dubem@io3855,QQJMPJEJ
dubem@io3856,GOHPYSQO
dubem@io3857,BNGRMDBC
dubem@io3858,PHKTBCPK
dubem@io3859,GDPVLBPN
dubem@io3860,THBFNEMA
dubem@io3861,TAUQCJQL
dubem@io3862,UFCKXNGZ
dubem@io3863,VIPDWPTP
dubem@io3864,CCHYNNOF
dubem@io3865,HAOUMAME
dubem@io3866,LMPZQSTS
dubem@io3867,GGWCYZWG
dubem@io3868,BVYHQKTS
dubem@io3869,FQCVDQZX
dubem@io3870,JFFJDDCC
dubem@io3871,TFFWWEOW
dubem@io3872,YOTXPCLO
dubem@io3873,XIFERAWW
dubem@io3874,SGQOOADA
dubem@io3875,JFVDUMKY
dubem@io3876,AWYIUOIK
dubem@io3877,EQRBSKFD
dubem@io3878,FJILMBAE
dubem@io3879,ZYGXAZCL
dubem@io3880,TBRWWMQL
dubem@io3881,ZCHNEWRL
dubem@io3882,NEIXBBMN
dubem@io3883,GFTLGOAK
dubem@io3884,UPNEVUHJ
dubem@io3885,QVFMTNXM
dubem@io3886,PJZJTAAS
dubem@io3887,ZNYIZDGZ
dubem@io3888,OPWJSLKZ
dubem@io3889,QDNKTFZM
dubem@io3890,ZKYNUFWE
dubem@io3891,XZWYCLWV
dubem@io3892,LLEVEIQX
dubem@io3893,NHNGZKSU
dubem@io3894,CUSTNNLN
dubem@io3895,QITJJIUE
dubem@io3896,BAHVUPHA
dubem@io3897,PPXVEHUW
dubem@io3898,JMEFUWRS
dubem@io3899,QMQYLUXK
dubem@io3900,JHLMVBPN
dubem@io3901,WCBDJIHR
dubem@io3902,BDOZGUIS
dubem@io3903,SWNKNBBK
dubem@io3904,YGKQOVEX
dubem@io3905,GXUNMOUH
dubem@io3906,GCVQVZKU
dubem@io3907,FCXNUVSB
dubem@io3908,LGFQHLYR
dubem@io3909,RPIQWMHO
dubem@io3910,CENGLSIQ
dubem@io3911,YUGUBOAR
dubem@io3912,LQVNIJVF
dubem@io3913,LHJNSVQG
dubem@io3914,RCLGFVUS
dubem@io3915,QYHAVGFD
dubem@io3916,JTUCLBKK
dubem@io3917,EGPEDROS
dubem@io3918,LANTKKGD
dubem@io3919,DFLSETVA
dubem@io3920,IXAEUYEW
dubem@io3921,EEKWAVRP
dubem@io3922,TMABRFTH
dubem@io3923,JEDCFNXR
dubem@io3924,OHEPEWNY
dubem@io3925,OYWDVYOF
dubem@io3926,RNVLSDUK
dubem@io3927,LUBDTHXD
dubem@io3928,TSDVEGSV
dubem@io3929,YLJZYSYM
dubem@io3930,YGVTALTA
dubem@io3931,FCTHHORG
dubem@io3932,JITMAFIU
dubem@io3933,TCUQVGRA
dubem@io3934,HLMFECQL
dubem@io3935,JFMJZZTW
dubem@io3936,YGJNUXFD
dubem@io3937,WKZRNNOK
dubem@io3938,YRLRMSDP
dubem@io3939,FYXKSGAE
dubem@io3940,AWIEDGNQ
dubem@io3941,AGCITNYP
dubem@io3942,OROYRHPF
dubem@io3943,YTSGHFHE
dubem@io3944,BMCGYXZF
dubem@io3945,QLHNLGYY
dubem@io3946,APNXDKSJ
dubem@io3947,WLSAXXIQ
dubem@io3948,HKNKGLAJ
dubem@io3949,JZGJJKVA
dubem@io3950,UVFOXPMQ
dubem@io3951,RLHJBLBV
dubem@io3952,FFPWZCCG
dubem@io3953,VXCUPAUS
dubem@io3954,VSAHCNCR
dubem@io3955,DBCYLOXF
dubem@io3956,KUREZBLX
dubem@io3957,KDFOLVDD
dubem@io3958,QBVNLXZN
dubem@io3959,NXATTGLV
dubem@io3960,GCULJYMR
dubem@io3961,IUVBXNLW
dubem@io3962,MZMHMMAL
dubem@io3963,HEVFNIGB
dubem@io3964,FYZQCCCA
dubem@io3965,AQAQEPSX
dubem@io3966,ZCQYRNQV
dubem@io3967,BTMWPVIS
dubem@io3968,BLDWMYXW
dubem@io3969,WJQURNLU
dubem@io3970,FWPJOHGB
dubem@io3971,NPOPYPBY
dubem@io3972,GJCWQZQM
dubem@io3973,CREWTTQW
dubem@io3974,APBJUDDW
dubem@io3975,YLKPNBPA
dubem@io3976,JFMSRQBB
dubem@io3977,RDZGCNTV
dubem@io3978,SCKPTMQU
dubem@io3979,FUSBOALT
dubem@io3980,XWFXDXYV
dubem@io3981,HQRPQMCW
dubem@io3982,HYOCBHLA
dubem@io3983,RQJGQIJM
dubem@io3984,BSQIAVLT
dubem@io3985,PPWUCCMR
dubem@io3986,SFJEGKVU
dubem@io3987,ODFDGWMG
dubem@io3988,LHLARZPL
dubem@io3989,GZJNKVGR
dubem@io3990,DDYQHXRT
dubem@io3991,DESOCARZ
dubem@io3992,TPECILEG
dubem@io3993,UISLYIDD
dubem@io3994,HJKXRQDG
dubem@io3995,JSXBVZGX
dubem@io3996,YDDXKHUK
dubem@io3997,ZARJFVAI
dubem@io3998,ZABMSGEY
dubem@io3999,LOIBLVPP
dubem@io4000,HXLEQZGU
dubem@io4001,BRZACQUC
dubem@io4002,YMARJJUS
dubem@io4003,DIORDEZB
dubem@io4004,HQBJGUYL
dubem@io4005,RPCYXNJP
dubem@io4006,LZAKCSYS
dubem@io4007,IWYNSOZN
dubem@io4008,GMLBVXSC
dubem@io4009,ABYAVRRQ
dubem@io4010,KAUOQFLK
dubem@io4011,BPLQZCHT
dubem@io4012,ESALKAIE
dubem@io4013,LANNDTIZ
dubem@io4014,YQTYSQDZ
dubem@io4015,JKGUXIKU
dubem@io4016,HURPHHBP
dubem@io4017,FTHMCDCC
dubem@io4018,GDURSJPK
dubem@io4019,LYDONSRR
dubem@io4020,YVBWYUYG
dubem@io4021,TKYGSCUJ
dubem@io4022,JTBMRNHR
dubem@io4023,ONUYFKLX
dubem@io4024,YZWXIEWZ
dubem@io4025,UCOVDFFX
dubem@io4026,BRUKSIEP
dubem@io4027,FBVGEVEE
dubem@io4028,RNVUNMJI
dubem@io4029,GBICXMMO
dubem@io4030,ZNTQGJVQ
dubem@io4031,MQIOSYNK
dubem@io4032,ACRUZJWD
dubem@io4033,ZUTENOHE
dubem@io4034,ZWWHCIQY
dubem@io4035,EWLFONCU
dubem@io4036,TERAGDMZ
dubem@io4037,JXZGNWIY
dubem@io4038,JBJRNLNI
dubem@io4039,GLFWBGKZ
dubem@io4040,VXHYPNNQ
dubem@io4041,FODBMXEP
dubem@io4042,DLAQIBSC
dubem@io4043,FHRKJAPQ
dubem@io4044,WYRWEVNZ
dubem@io4045,FLKQDBJR
dubem@io4046,NEMGQTDZ
dubem@io4047,OMNGVEZT
dubem@io4048,TNGBQETB
dubem@io4049,IIGWYGOH
dubem@io4050,TJTGADWD
dubem@io4051,PEVSJRAJ
dubem@io4052,GOJMCWJM
dubem@io4053,RTPHVSEQ
dubem@io4054,ZDLBQBRH
dubem@io4055,EYUVGNUR
dubem@io4056,MDEWIIYN
dubem@io4057,PKXTWEGC
dubem@io4058,AJYAOWQM
dubem@io4059,LDEHWLDC
dubem@io4060,NILDOAHJ
dubem@io4061,CBQYKESF
dubem@io4062,OKMRSUAB
dubem@io4063,NATKLXVY
dubem@io4064,IMQDVFQE
dubem@io4065,WUHGYNLF
dubem@io4066,NSFLXUMO
dubem@io4067,PJLDRXZN
dubem@io4068,BZLCSPIR
dubem@io4069,AVEWXTWK
dubem@io4070,VEJYGPOK
dubem@io4071,AOLHGTBQ
dubem@io4072,QWTYYXCP
dubem@io4073,SSFOBMEI
dubem@io4074,BADPMDSL
dubem@io4075,YWLESDUG
dubem@io4076,MJRWSGKK
dubem@io4077,MIURFFME
dubem@io4078,ODFMRNRG
dubem@io4079,OMNHDPHI
dubem@io4080,XKLCPZPF
dubem@io4081,SHHUDMJN
dubem@io4082,OWAOPFLI
dubem@io4083,EEPQVJRM
dubem@io4084,DIPGXSCK
dubem@io4085,XAKZXUMV
dubem@io4086,TLSVBBAY
dubem@io4087,VUVWBMHN
dubem@io4088,NETMOVCT
dubem@io4089,BZSECKPC
dubem@io4090,KWKHEBWR
dubem@io4091,DOKJSRDZ
dubem@io4092,BMRFFRKB
dubem@io4093,SKBPPVXL
dubem@io4094,ICQKOMIN
dubem@io4095,HQLAXXKS
dubem@io4096,CURGDQJO
dubem@io4097,TXXBZGII
dubem@io4098,RTGCVTCY
dubem@io4099,DSSOVSOY
dubem@io4100,PMKSPFFK
dubem@io4101,IZMZAARB
dubem@io4102,VKALAMYP
dubem@io4103,UWUACXPP
dubem@io4104,MMNHHMWU
dubem@io4105,XWNAWNCH
dubem@io4106,TWKGGGJQ
dubem@io4107,TXRRLXWQ
dubem@io4108,WQDHWIWZ
dubem@io4109,EKICBEXV
dubem@io4110,TNRUIIKB
dubem@io4111,AKDUDZAI
dubem@io4112,YCUULJNX
dubem@io4113,MQSRDOOG
dubem@io4114,IQZTRBAY
dubem@io4115,PVCXVZRS
dubem@io4116,PUXCFUZA
dubem@io4117,MNPXZZBU
dubem@io4118,COWSMHKM
dubem@io4119,MDZVALCV
dubem@io4120,BQAUUBZO
dubem@io4121,BCWYXXET
dubem@io4122,AJMVTMZV
dubem@io4123,GRYLOUNN
dubem@io4124,USEWQSDU
dubem@io4125,QMWRLNZU
dubem@io4126,ULTYSWHX
dubem@io4127,RORJRYEF
dubem@io4128,IYQNLHZX
dubem@io4129,FVMPMSHZ
dubem@io4130,DFDNEGFE
dubem@io4131,SHLMTIIA
dubem@io4132,GOPPYNCD
dubem@io4133,ANISYRJP
dubem@io4134,CPVWOIAX
dubem@io4135,XVJPVWDD
dubem@io4136,QJZAVSYH
dubem@io4137,VJZUDLRY
dubem@io4138,PGUOAEAU
dubem@io4139,ZHVJFQYD
dubem@io4140,JJAVILIZ
dubem@io4141,PLPKRQNB
dubem@io4142,DYPSWQRW
dubem@io4143,EHEWUVAD
dubem@io4144,MJJNDARC
dubem@io4145,XEGFMHMK
dubem@io4146,QECMRKRQ
dubem@io4147,VLGZLBYS
dubem@io4148,PNAFYUJT
dubem@io4149,JFCDENDO
dubem@io4150,AFXSBUUL
dubem@io4151,GLCYMOSM
dubem@io4152,MCLSQMJP
dubem@io4153,RHVILKXW
dubem@io4154,MECBIQQY
dubem@io4155,ZDYDQDNB
dubem@io4156,DFTQQRES
dubem@io4157,TFQLSLVL
dubem@io4158,HBPOTWIS
dubem@io4159,QZVBDRLG
dubem@io4160,MHIIJHNU
dubem@io4161,XXIVMITB
dubem@io4162,JRAMTBYB
dubem@io4163,RYLQEFXH
dubem@io4164,WSSBCCJK
dubem@io4165,AHIJVXWG
dubem@io4166,HFOHWHTZ
dubem@io4167,LPWDATZQ
dubem@io4168,SGPCGLOR
dubem@io4169,NAHISUUA
dubem@io4170,LPPQOFTN
dubem@io4171,ZITQETYO
dubem@io4172,LYSWVYZJ
dubem@io4173,KJYHDNTA
dubem@io4174,AROJPMYC
dubem@io4175,SLPZRKSV
dubem@io4176,ELKXNJQI
dubem@io4177,KGWWFTCU
dubem@io4178,SZTBSDWQ
dubem@io4179,XZRWIGKD
dubem@io4180,GUQULSCU
dubem@io4181,UEDQREFE
dubem@io4182,GWRIEVUS
dubem@io4183,FMAYOPDV
dubem@io4184,GMBYHSMR
dubem@io4185,HWUWEABT
dubem@io4186,XXLIQJCG
dubem@io4187,DHCRSKAL
dubem@io4188,DCLSJYGS
dubem@io4189,EIEWHKHD
dubem@io4190,CEEIMXSQ
dubem@io4191,VSXHDRND
dubem@io4192,LTEJTDAR
dubem@io4193,NQYUZXKS
dubem@io4194,IPYVLHKE
dubem@io4195,JYEMFIYM
dubem@io4196,EXTGKKXX
dubem@io4197,XFZAYDXP
dubem@io4198,NJWFWSRN
dubem@io4199,PSQKRIJS
dubem@io4200,WNGLNEMT
dubem@io4201,DYRZEHUH
dubem@io4202,BPNKGBIW
dubem@io4203,PNLMRKHM
dubem@io4204,VAFLCWHG
dubem@io4205,MQIMMRYN
dubem@io4206,WRWYUTMO
dubem@io4207,RFYDNPBM
dubem@io4208,MDJRPYUO
dubem@io4209,CNQXFWTZ
dubem@io4210,SCOXYGTM
dubem@io4211,RZWNROZR
dubem@io4212,TXKRUPHO
dubem@io4213,QSPDJXZG
dubem@io4214,YVCERWNI
dubem@io4215,DHWDJPXJ
dubem@io4216,HHZOJBJB
dubem@io4217,HGITKTOK
dubem@io4218,XCHHYVNF
dubem@io4219,GGZECYYT
dubem@io4220,AHTIJRNB
dubem@io4221,YPCFNWJB
dubem@io4222,MVXSQOZM
dubem@io4223,VXPQCWMP
dubem@io4224,KZTIIFDW
dubem@io4225,OAGWXREZ
dubem@io4226,MBNDMQOD
dubem@io4227,XZAWHKBC
dubem@io4228,JFPECGGW
dubem@io4229,HBYYBHEO
dubem@io4230,TGIRMNLK
dubem@io4231,WSESPQLQ
dubem@io4232,BDQBGBLU
dubem@io4233,AXHIXBEN
dubem@io4234,XGOGAVIM
dubem@io4235,BYPGKYIV
dubem@io4236,VXYXJZHU
dubem@io4237,GVEDUPLM
dubem@io4238,TTYLTWOK
dubem@io4239,EQRKZODD
dubem@io4240,SGEUVQQX
dubem@io4241,KZBHCKXN
dubem@io4242,SZVBFHTV
dubem@io4243,BXVRGDGC
dubem@io4244,XAEPFCZY
dubem@io4245,YPNGJBZQ
dubem@io4246,BJWFBDVL
dubem@io4247,ZKUVSABX
dubem@io4248,ZVRUXMNT
dubem@io4249,NRHRTHTF
dubem@io4250,PIQGCOZW
dubem@io4251,OWVSXDRN
dubem@io4252,UWARVHCJ
dubem@io4253,GLDMZRGW
dubem@io4254,TJSTZYBJ
dubem@io4255,ZXDKDUHZ
dubem@io4256,OPEXTPIM
dubem@io4257,PPISRKJX
dubem@io4258,CXVXRMHZ
dubem@io4259,LQWKISXD
dubem@io4260,SMLOUCER
dubem@io4261,XAAPBQGE
dubem@io4262,HUVAHPIJ
dubem@io4263,RFLLVXEW
dubem@io4264,JNSBAUYV
dubem@io4265,OXPJXWTK
dubem@io4266,XBGLPDHO
dubem@io4267,PVQOBTQW
dubem@io4268,JDIMOFTO
dubem@io4269,ORREBKQC
dubem@io4270,UCLYLQAO
dubem@io4271,IABVTIKH
dubem@io4272,UHADWGMC
dubem@io4273,EHIKQTEU
dubem@io4274,MGURBCUU
dubem@io4275,JUJTEHPX
dubem@io4276,BDUXWVJX
dubem@io4277,RQWJPBZZ
dubem@io4278,XNKNOMTS
dubem@io4279,CLAJNDWC
dubem@io4280,NXWWEBKN
dubem@io4281,XCBRFLZO
dubem@io4282,AQKAWQHK
dubem@io4283,OQTWJNAS
dubem@io4284,PVNICFXC
dubem@io4285,TZNBTHXM
dubem@io4286,NWGLUEUN
dubem@io4287,BWXYYXAC
dubem@io4288,BVYIJGOE
dubem@io4289,THYVUYCI
dubem@io4290,IIHNWWWF
dubem@io4291,GSLIUICN
dubem@io4292,TUAMGKOF
dubem@io4293,COTQSJCT
dubem@io4294,FSJBFIVJ
dubem@io4295,BNOLQQZA
dubem@io4296,TKHJAZFR
dubem@io4297,QMFKAHAE
dubem@io4298,BTNGKHTV
dubem@io4299,NOZVVCPP
dubem@io4300,EBQLGFJE
dubem@io4301,GXQIEEYP
dubem@io4302,OLTJXYPM
dubem@io4303,LZYQZBMO
dubem@io4304,YPVPWQZN
dubem@io4305,DGQNHORB
dubem@io4306,MUIZCVNB
dubem@io4307,HZNFRADM
dubem@io4308,ZDXCQPAG
dubem@io4309,RKTBLNPS
dubem@io4310,AHUPWPHF
dubem@io4311,JCWZBOTN
dubem@io4312,OKTWKSZW
dubem@io4313,YZOVEAVK
dubem@io4314,GPDIYYDQ
dubem@io4315,EVZDFTKN
dubem@io4316,ZIKMLVDT
dubem@io4317,AZAQCXGP
dubem@io4318,YJEBYFUC
dubem@io4319,VPOARPDZ
dubem@io4320,ALCVOWRY
dubem@io4321,JCYSVIHN
dubem@io4322,KCQWXNKJ
dubem@io4323,JBHLRVQG
dubem@io4324,BTLUEIFW
dubem@io4325,HMGLZTFY
dubem@io4326,IXHYMSBS
dubem@io4327,QNPLCYKT
dubem@io4328,EURMQGCB
dubem@io4329,AIXPDHHR
dubem@io4330,TVDCRPAN
dubem@io4331,RCIPGHLV
dubem@io4332,ARQLUVDX
dubem@io4333,DFGWDYQD
dubem@io4334,KRYVNOOE
dubem@io4335,WGDBSAOH
dubem@io4336,OZOMBPWK
dubem@io4337,BVFWEZDZ
dubem@io4338,TNLPJAOH
dubem@io4339,NGRHMTCI
dubem@io4340,CHHAHPAG
dubem@io4341,ALSLVNCO
dubem@io4342,SWPFGGAW
dubem@io4343,UUSNWAQG
dubem@io4344,BUHWCRPY
dubem@io4345,ZVEAGNEE
dubem@io4346,GFFJGAZU
dubem@io4347,WYWSRRTJ
dubem@io4348,HXEYPVQB
dubem@io4349,EGUSDUDG
dubem@io4350,EKEPQHDE
dubem@io4351,DDWBGNLY
dubem@io4352,KFDNCXQA
dubem@io4353,TCBBUCUX
dubem@io4354,NYQUSVZM
dubem@io4355,JKZNSTPZ
dubem@io4356,FBCAZVSQ
dubem@io4357,MVDILBMI
dubem@io4358,BIXFQTIR
dubem@io4359,BKCFTJZA
dubem@io4360,NQZMVWRC
dubem@io4361,ZUXIXSDQ
dubem@io4362,TJCWFJIF
dubem@io4363,IXGAWEUR
dubem@io4364,BIZSUCAS
dubem@io4365,WHTYTZIK
dubem@io4366,VIZCXHEH
dubem@io4367,RDIIZMYY
dubem@io4368,DPVSWXRT
dubem@io4369,SMKWTCPV
dubem@io4370,EAEDLFAE
dubem@io4371,OGIPJOGN
dubem@io4372,ARITBEJL
dubem@io4373,PSGRMMAJ
dubem@io4374,IBWXYAIA
dubem@io4375,XDCMJRAH
dubem@io4376,ZTDOMCAE
dubem@io4377,SQTZRVLC
dubem@io4378,UTORIRQH
dubem@io4379,QQYBPOCZ
dubem@io4380,IICFVCMF
dubem@io4381,ECCXTOLI
dubem@io4382,GMMJQZRY
dubem@io4383,KEKVNCSC
dubem@io4384,FNXRKLVN
dubem@io4385,RCQVKWPH
dubem@io4386,YXCYUKQB
dubem@io4387,FBMQFOED
dubem@io4388,MHFJCXZH
dubem@io4389,WLVSHOXK
dubem@io4390,YEGLNVWV
dubem@io4391,REUGNXHW
dubem@io4392,KTKROJPL
dubem@io4393,MQFRBKDP
dubem@io4394,FSOLFKZK
dubem@io4395,UZJVZCXV
dubem@io4396,LRKLHSUU
dubem@io4397,NEHFVDUZ
dubem@io4398,GESQYUUK
dubem@io4399,MHBFUFCK
dubem@io4400,VIOSCOMT
dubem@io4401,RRYODJBH
dubem@io4402,YMJXPDYA
dubem@io4403,GYNYYARS
dubem@io4404,JPHZEGCP
dubem@io4405,RYYBBEEP
dubem@io4406,OXVXISRX
dubem@io4407,KXARODJB
dubem@io4408,PPZYDXBF
dubem@io4409,FALPBSIK
dubem@io4410,EHMSNWMM
dubem@io4411,XAJVPDSZ
dubem@io4412,MMEBKEFK
dubem@io4413,KBQOZYKW
dubem@io4414,URLOQZTZ
dubem@io4415,ZAHMIFYH
dubem@io4416,OYHHXPVV
dubem@io4417,TMCWIYDJ
dubem@io4418,VAECPCUS
dubem@io4419,SWZWHSGZ
dubem@io4420,KRPYTBTY
dubem@io4421,SULWRRFK
dubem@io4422,SCISXWSR
dubem@io4423,IPLSOVOE
dubem@io4424,GBXGRAAW
dubem@io4425,TJKTTXSD
dubem@io4426,OQCCMYEQ
dubem@io4427,CXDTMYXX
dubem@io4428,BFSSZLRA
dubem@io4429,RDVPOMUV
dubem@io4430,SDIFWGXW
dubem@io4431,TBWTVRCD
dubem@io4432,OOFXAFLH
dubem@io4433,KXEYKDXS
dubem@io4434,UNKDQUTK
dubem@io4435,NAZPHERQ
dubem@io4436,RLSKYJHC
dubem@io4437,NWXORJRK
dubem@io4438,VFNWNGMK
dubem@io4439,WIXUTUPT
dubem@io4440,CJNXFASP
dubem@io4441,PAQGCFWP
dubem@io4442,AAHDOKEW
dubem@io4443,RKGGMLVN
dubem@io4444,XBWBUNXJ
dubem@io4445,QQNSXWXB
dubem@io4446,VMTTPGAK
dubem@io4447,KXGJJCLY
dubem@io4448,SMMAGPMP
dubem@io4449,BDEYFYAQ
dubem@io4450,UMTAQZKP
dubem@io4451,UDXFXAHG
dubem@io4452,KDJLETZY
dubem@io4453,MPPRGENX
dubem@io4454,HNWHVKQV
dubem@io4455,NAUEEMGH
dubem@io4456,HTLXXNDP
dubem@io4457,FOTRSVYL
dubem@io4458,UKXVAOGS
dubem@io4459,TYFSIXNB
dubem@io4460,BLIKIXWT
dubem@io4461,OKFOANOG
dubem@io4462,UVDVGVJR
dubem@io4463,KRUAAFEG
dubem@io4464,QNLAWDLJ
dubem@io4465,DMSKBMJH
dubem@io4466,OQNNWWRB
dubem@io4467,VWVOCPSE
dubem@io4468,APURNZLE
dubem@io4469,WFTMXQDW
dubem@io4470,LEXVEASW
dubem@io4471,LHDZNASV
dubem@io4472,KREYFWFZ
dubem@io4473,RWIMSYRB
dubem@io4474,SZJFNMZT
dubem@io4475,PNNSFCAM
dubem@io4476,JXXXAAAY
dubem@io4477,PDQMKXZP
dubem@io4478,CUCIXDQJ
dubem@io4479,RKMQGHOG
dubem@io4480,EEDPRXWR
dubem@io4481,LAQKLJUJ
dubem@io4482,SCIZQQUF
dubem@io4483,NHHBZWRI
dubem@io4484,NULRLXQN
dubem@io4485,NQQVSZDL
dubem@io4486,HQSZKDBM
dubem@io4487,ACEUDCPW
dubem@io4488,QORWPVZK
dubem@io4489,GFKXGWBR
dubem@io4490,HBHSLLCI
dubem@io4491,LURYMJPK
dubem@io4492,CZWAQZGK
dubem@io4493,HJRJTWMM
dubem@io4494,SMXKADTB
dubem@io4495,KDGTGPDI
dubem@io4496,IRJAFCZH
dubem@io4497,VSGQVLVP
dubem@io4498,XVIJBIBK
dubem@io4499,SXOJPYSW
dubem@io4500,NFIUDLPW
dubem@io4501,UGKXJKXE
dubem@io4502,SITERTEE
dubem@io4503,QAHNAYQX
dubem@io4504,XNPEASML
dubem@io4505,KNFDOEQF
dubem@io4506,UNOYZORB
dubem@io4507,TWQJPNAQ
dubem@io4508,AAQHIAOW
dubem@io4509,NBDJTBDJ
dubem@io4510,FVWEOHLT
dubem@io4511,UTSKBRSO
dubem@io4512,LFXNLEXE
dubem@io4513,XNICGXBZ
dubem@io4514,FUJJVRAN
dubem@io4515,XXQNVCEF
dubem@io4516,ZJAEQIUZ
dubem@io4517,OGKVKHIC
dubem@io4518,DMRBPCUN
dubem@io4519,BLIXDDXF
dubem@io4520,HMUQJDIG
dubem@io4521,LJVIYCKC
dubem@io4522,QIZFEIMU
dubem@io4523,PSASDQPA
dubem@io4524,ADCVBTAT
dubem@io4525,SBPOEHWH
dubem@io4526,WJPXDEGP
dubem@io4527,GNSQIQVD
dubem@io4528,UGQFIQNJ
dubem@io4529,HMVCXZAX
dubem@io4530,YMZMKYYY
dubem@io4531,DYKIWYPG
dubem@io4532,UYLXZIOT
dubem@io4533,CXTDRLUZ
dubem@io4534,HLENPPGB
dubem@io4535,SATTXUFO
dubem@io4536,GXOOXUUX
dubem@io4537,YGWNYUDQ
dubem@io4538,VNAZNLSY
dubem@io4539,JZFORTXC
dubem@io4540,ZICOAAGT
dubem@io4541,NTSDSVOD
dubem@io4542,HYBFKIXX
dubem@io4543,JSORJMRZ
dubem@io4544,RSFIKPCL
dubem@io4545,QVYCFIGJ
dubem@io4546,GOUBZEKX
dubem@io4547,IJEYKFVX
dubem@io4548,EHVXSSFM
dubem@io4549,TCXLFUET
dubem@io4550,IINNBFQR
dubem@io4551,UVKUKUAW
dubem@io4552,HWIWFJXH
dubem@io4553,GYUUQEAY
dubem@io4554,WFWJGEIJ
dubem@io4555,SXKRJZTH
dubem@io4556,GLYCVVYD
dubem@io4557,TCAKRRAY
dubem@io4558,WWDKZREV
dubem@io4559,IMVCYYBF
dubem@io4560,VQIXEJQQ
dubem@io4561,OUZQEUKM
dubem@io4562,HIJAJXCF
dubem@io4563,WKFMRBDE
dubem@io4564,WZPEDKLP
dubem@io4565,YIIMHPJR
dubem@io4566,YDBPYXGE
dubem@io4567,ETJFQUQP
dubem@io4568,MEGQCWFC
dubem@io4569,QZGBLQHJ
dubem@io4570,UGOHQNIZ
dubem@io4571,GWGIFTFW
dubem@io4572,NSZWPSHA
dubem@io4573,NIAOIDVU
dubem@io4574,PCZDKPYN
dubem@io4575,ZUKMYYNV
dubem@io4576,KJYSFJUK
dubem@io4577,KJDZXKWG
dubem@io4578,QCCPMVLO
dubem@io4579,NCOUCBII
dubem@io4580,YCTBXRZC
dubem@io4581,DGBKRUEC
dubem@io4582,ZOZBLKXC
dubem@io4583,IPMZLDCF
dubem@io4584,PUHQNTQT
dubem@io4585,EXJHHCID
dubem@io4586,CSFXIDOP
dubem@io4587,WVULZJZD
dubem@io4588,ZXYNAIQF
dubem@io4589,AAKWDJDW
dubem@io4590,IOKYMTEF
dubem@io4591,HUGYYIIL
dubem@io4592,MFDKTXDM
dubem@io4593,KKTPYDXJ
dubem@io4594,HROFVQKO
dubem@io4595,ASMDODFN
dubem@io4596,NOAWECTP
dubem@io4597,PTJSSZYU
dubem@io4598,OMPJZRIU
dubem@io4599,UOPESWWU
dubem@io4600,NYAUPNPJ
dubem@io4601,UHUMXZCJ
dubem@io4602,JNYUHZLC
dubem@io4603,KLJXODBU
dubem@io4604,MTCJNGTF
dubem@io4605,SQURASFK
dubem@io4606,BGSMVYJQ
dubem@io4607,DMTYVPQN
dubem@io4608,ILORVJDV
dubem@io4609,NBYQGRLD
dubem@io4610,LESQBZVQ
dubem@io4611,MOAMLXHI
dubem@io4612,ZKRZDVNM
dubem@io4613,MEVRXMXU
dubem@io4614,FMNWKVJP
dubem@io4615,PYLWQMCI
dubem@io4616,XAUEXDDI
dubem@io4617,SMWSXYUA
dubem@io4618,WJPLQBTM
dubem@io4619,PEBJYGRN
dubem@io4620,SUSOEXDQ
dubem@io4621,RHPGCONM
dubem@io4622,YAJRMQET
dubem@io4623,VUDSZOMC
dubem@io4624,KQMVGIZT
dubem@io4625,DIIMRACN
dubem@io4626,AUXRSKKA
dubem@io4627,YGFCTVXP
dubem@io4628,YXBUAEZD
dubem@io4629,QGWQNALH
dubem@io4630,KQNAYNUU
dubem@io4631,GFWFKIZX
dubem@io4632,IQNDOYYX
dubem@io4633,YOSBGDNA
dubem@io4634,GDGYKOFT
dubem@io4635,HSKHMAOJ
dubem@io4636,UNNQJMSN
dubem@io4637,PTMCBYGC
dubem@io4638,FXDQLYKR
dubem@io4639,FPAXQUGO
dubem@io4640,YKMQAYYO
dubem@io4641,SEIAGIXD
dubem@io4642,KLBUYPZA
dubem@io4643,KANVQKIB
dubem@io4644,LBNUYAWF
dubem@io4645,SOTGQKXB
dubem@io4646,ONHYIOVQ
dubem@io4647,WFRWGLLA
dubem@io4648,PPVLHQAU
dubem@io4649,MLQVHHLN
dubem@io4650,QKQLXBWD
dubem@io4651,SCCZSIGC
dubem@io4652,QQNYJURA
dubem@io4653,UHOCRDFR
dubem@io4654,QDBWMQFQ
dubem@io4655,ANMBVFAO
dubem@io4656,LOAZDZGO
dubem@io4657,OXSMLNMC
dubem@io4658,JGSVAMDW
dubem@io4659,BZMCKKJQ
dubem@io4660,PDREBVES
dubem@io4661,XWHJZFFV
dubem@io4662,LQREAJWW
dubem@io4663,VPNSWMHL
dubem@io4664,GLZMDCFV
dubem@io4665,WFHZVQRY
dubem@io4666,COFESMXB
dubem@io4667,XGUNBCYQ
dubem@io4668,BVBCVDJZ
dubem@io4669,CMILUFJT
dubem@io4670,ZZQBMCKX
dubem@io4671,CHPEFPZY
dubem@io4672,CYWGLGWD
dubem@io4673,DOOKGLED
dubem@io4674,GGCQLHMH
dubem@io4675,IMBXVVMX
dubem@io4676,DKGIMKLM
dubem@io4677,IAHKZEJC
dubem@io4678,MFPPBYOS
dubem@io4679,LQAMXAGS
dubem@io4680,HZANLHGM
dubem@io4681,BOMPEAIY
dubem@io4682,XCPMIZSP
dubem@io4683,WKNHHQZQ
dubem@io4684,OEVHADGB
dubem@io4685,EOAWCAIL
dubem@io4686,WDNQKWLR
dubem@io4687,JDQDNLKM
dubem@io4688,LKXCGMWF
dubem@io4689,QMRHMFMQ
dubem@io4690,EUQBMHVU
dubem@io4691,OPOGNMRA
dubem@io4692,OWJICNSU
dubem@io4693,MXMQTBYO
dubem@io4694,KFKAYZWN
dubem@io4695,KVAXOWWH
dubem@io4696,ETITLDIX
dubem@io4697,GZWUVOIM
dubem@io4698,CAMZMYBO
dubem@io4699,MTWNHRUT
dubem@io4700,TPMTTDSP
dubem@io4701,DXRQAMDB
dubem@io4702,HUYRNHWU
dubem@io4703,ATIJVPPS
dubem@io4704,PJDHOMNF
dubem@io4705,AASOQUJJ
dubem@io4706,ZFGHLURX
dubem@io4707,QSBANUZW
dubem@io4708,YFFUXNCJ
dubem@io4709,AJNUXXFK
dubem@io4710,CHVAGLXB
dubem@io4711,DZHALDHZ
dubem@io4712,EKKFBBVO
dubem@io4713,JFEKMSWM
dubem@io4714,VVXRFZUT
dubem@io4715,AQPIBMSH
dubem@io4716,YACYNCMW
dubem@io4717,XOFWWVGX
dubem@io4718,WEVXAUDJ
dubem@io4719,MVEZWKJA
dubem@io4720,SDFDRENV
dubem@io4721,BQEILJDA
dubem@io4722,HSHXUNEC
dubem@io4723,ZXRRQJLR
dubem@io4724,TSMQTWKE
dubem@io4725,SPBXNOYR
dubem@io4726,TFCTVACE
dubem@io4727,SMWSUYWS
dubem@io4728,XJMVKXWU
dubem@io4729,PKVOCSDN
dubem@io4730,VHYWSJTX
dubem@io4731,UTFXJJZU
dubem@io4732,YCPLFJNN
dubem@io4733,BOUHGVHL
dubem@io4734,HKAGTAFQ
dubem@io4735,DXRTDIME
dubem@io4736,NWHKAQSV
dubem@io4737,BDPNZBAY
dubem@io4738,IBBPGOMN
dubem@io4739,HCXPEWVN
dubem@io4740,CUULSIRE
dubem@io4741,WNLHJTCK
dubem@io4742,OOQPPAJI
dubem@io4743,KSXAVXWS
dubem@io4744,PMSHAXUW
dubem@io4745,LZMUFFWD
dubem@io4746,JGOVWAKN
dubem@io4747,WVIGPJPT
dubem@io4748,XTCUYWGV
dubem@io4749,QFBYPKSP
dubem@io4750,WAZEUGZQ
dubem@io4751,OVFEMVZJ
dubem@io4752,NZKEQBRA
dubem@io4753,RORCFWBG
dubem@io4754,AQIARXWS
dubem@io4755,FTHEJJCU
dubem@io4756,ZNBTIVGV
dubem@io4757,YRSQBDJU
dubem@io4758,LNJUMTVU
dubem@io4759,JZCQZEHX
dubem@io4760,XBVYNQGJ
dubem@io4761,GZQHOGYD
dubem@io4762,QWALQVBF
dubem@io4763,KNZSIRMS
dubem@io4764,DCUSBUNT
dubem@io4765,RFRGJEET
dubem@io4766,TYXYJJIW
dubem@io4767,IZTUQIHP
dubem@io4768,REFHMIFN
dubem@io4769,PYVXKEMQ
dubem@io4770,HUEDRDBG
dubem@io4771,CLRPESRW
dubem@io4772,MSGOUDBK
dubem@io4773,BULAQGRV
dubem@io4774,SREYQTXB
dubem@io4775,EJICDDRY
dubem@io4776,TNFDNWXI
dubem@io4777,XQATJROS
dubem@io4778,FALHPFGG
dubem@io4779,GSNFYQSJ
dubem@io4780,VHRLBNLJ
dubem@io4781,QHBPQJVZ
dubem@io4782,IWERIQNH
dubem@io4783,VZHEJGRN
dubem@io4784,KHBHWIYO
dubem@io4785,XXCUVQRA
dubem@io4786,CCPNXRUS
dubem@io4787,QEQJSFPQ
dubem@io4788,ECFFPYGR
dubem@io4789,BMCGNXLT
dubem@io4790,AGCRRGFA
dubem@io4791,ONLYEHYJ
dubem@io4792,AMHWBJFN
dubem@io4793,USIXJPQP
dubem@io4794,FHPOZKZS
dubem@io4795,HWTKEWBL
dubem@io4796,OHZSOEBB
dubem@io4797,RBKUJEEI
dubem@io4798,BKMHHXRH
dubem@io4799,PQCGSLZI
dubem@io4800,LMVFISXZ
dubem@io4801,XJGAAKKQ
dubem@io4802,YRRQTCBB
dubem@io4803,AVMXQPHQ
dubem@io4804,ZADBQDBJ
dubem@io4805,UBHMYPZE
dubem@io4806,GPMZDMNT
dubem@io4807,DLQEGABQ
dubem@io4808,SRQZCIJO
dubem@io4809,NMORFIOX
dubem@io4810,QHHAUQSW
dubem@io4811,GCWPIBTK
dubem@io4812,XSUSCINA
dubem@io4813,FHQYMYLK
dubem@io4814,CDTGMYRR
dubem@io4815,VNFFMFZA
dubem@io4816,VFIKLWAU
dubem@io4817,YVYIAXAE
dubem@io4818,WXQSHBSW
dubem@io4819,OQAVSGZS
dubem@io4820,STUOLORP
dubem@io4821,MTGKMSYV
dubem@io4822,YHLCDKLP
dubem@io4823,ONVFXUBH
dubem@io4824,EVZUWKBL
dubem@io4825,RRBQGESA
dubem@io4826,EDSXUPUA
dubem@io4827,XICINBQS
dubem@io4828,GIDUZRWG
dubem@io4829,JUQFVPQB
dubem@io4830,PXQGWECY
dubem@io4831,SNUECHDY
dubem@io4832,LVFQXAVQ
dubem@io4833,VZGLSBPQ
dubem@io4834,RYLIITJJ
dubem@io4835,EZUFJMEA
dubem@io4836,XJAERIRM
dubem@io4837,UPWKBZEK
dubem@io4838,DQXWTHGL
dubem@io4839,JHMBTKPE
dubem@io4840,JOWDXVOD
dubem@io4841,XIJONMXA
dubem@io4842,BLUINAAY
dubem@io4843,MUONSPMJ
dubem@io4844,MHNVUFRK
dubem@io4845,FXISTMVZ
dubem@io4846,SJQTUQAC
dubem@io4847,JIWEUKSE
dubem@io4848,WOIMOHZY
dubem@io4849,SKFFYNFV
dubem@io4850,FAHHGPEA
dubem@io4851,PQHKYDTJ
dubem@io4852,MWILNRBD
dubem@io4853,HYCVWZNK
dubem@io4854,AASVHEUR
dubem@io4855,FXEOIYHK
dubem@io4856,ALUDPCIE
dubem@io4857,UVGAOTUH
dubem@io4858,JCTVXCNX
dubem@io4859,OOSYBPNN
dubem@io4860,ZHDZJBVB
dubem@io4861,DAPJKBZJ
dubem@io4862,ANBXPTRW
dubem@io4863,BLXGFUMF
dubem@io4864,RQNOQVGP
dubem@io4865,LYSZHYXC
dubem@io4866,VMICAFQO
dubem@io4867,DITXDMMN
dubem@io4868,QXECHFXJ
dubem@io4869,BKDMJQGR
dubem@io4870,RUOPJXMJ
dubem@io4871,AUOURGBE
dubem@io4872,TCUDUDPA
dubem@io4873,FPORJWDO
dubem@io4874,UDEZCHRF
dubem@io4875,ZUYDQAHW
dubem@io4876,DFDHHMBD
dubem@io4877,NYEXRYNW
dubem@io4878,TFDRGKCI
dubem@io4879,OVLNQPFQ
dubem@io4880,GELDGIWH
dubem@io4881,YEXIEAZE
dubem@io4882,MPLJZYQX
dubem@io4883,BBLZUSSF
dubem@io4884,AKAIUDHL
dubem@io4885,ZBKPFWWJ
dubem@io4886,DXFUOQJH
dubem@io4887,LHLZDIBT
dubem@io4888,KHPCUHCN
dubem@io4889,EJFUGCCB
dubem@io4890,ICXCQXLG
dubem@io4891,DJNMPRAL
dubem@io4892,SMOJKXHQ
dubem@io4893,YBWOGYWM
dubem@io4894,VHSIQKHH
dubem@io4895,PPVWFOMT
dubem@io4896,MSNMRGGI
dubem@io4897,AYOYAOIE
dubem@io4898,VZHGQFBR
dubem@io4899,HTTHOIOB
dubem@io4900,JVCAHSUE
dubem@io4901,HOVXQZAJ
dubem@io4902,CMUFPJEO
dubem@io4903,TFGEXCBD
dubem@io4904,UICUGIRJ
dubem@io4905,OWFLXRNM
dubem@io4906,WCCLFPPD
dubem@io4907,HCKVNHJS
dubem@io4908,UDHAJBWT
dubem@io4909,UMYGXOUB
dubem@io4910,AGPWQQUQ
dubem@io4911,EAJSOVDT
dubem@io4912,ESJYYKKC
dubem@io4913,FVVXAPYM
dubem@io4914,YKUSPGOD
dubem@io4915,BBEYGVSM
dubem@io4916,YVHQXKHB
dubem@io4917,RFMKZQKN
dubem@io4918,RFQHXBVH
dubem@io4919,UROQGYAV
dubem@io4920,FWPFMYJH
dubem@io4921,EKCFTLSD
dubem@io4922,ZIXXNWFC
dubem@io4923,XTNSGZEH
dubem@io4924,GJEPFJTU
dubem@io4925,QEJKKWKE
dubem@io4926,XFEVLOQB
dubem@io4927,JBNSTIHG
dubem@io4928,ZIDXLCLQ
dubem@io4929,HQCYSPCR
dubem@io4930,GPHSUTAJ
dubem@io4931,SDTAAUZI
dubem@io4932,LFIUZUES
dubem@io4933,LCSBZUPC
dubem@io4934,VLDMHKKY
dubem@io4935,ZAMSGMQW
dubem@io4936,ULRQEITG
dubem@io4937,KKWSRYPA
dubem@io4938,GTUKDOQJ
dubem@io4939,CFOZCMIR
dubem@io4940,WHEDLNYG
dubem@io4941,YPMXPGYZ
dubem@io4942,EKBQETFZ
dubem@io4943,LSVACCXE
dubem@io4944,DWZPUASI
dubem@io4945,HJDDULHW
dubem@io4946,LAEQTGNK
dubem@io4947,LHCBVWPA
dubem@io4948,GBDRITDI
dubem@io4949,KXPINQBH
dubem@io4950,XZEJBIBF
dubem@io4951,RLFTITDB
dubem@io4952,LZQMPJNH
dubem@io4953,NWWGTWVS
dubem@io4954,MKNATIXX
dubem@io4955,YHWDRWXV
dubem@io4956,XUJNPDJN
dubem@io4957,RHFXKZUI
dubem@io4958,WSZFIMBG
dubem@io4959,OUAZAZUX
dubem@io4960,BOUKUQDT
dubem@io4961,VAKKFIMQ
dubem@io4962,TTPXJQRD
dubem@io4963,YBUJLYWK
dubem@io4964,OAHNLYCN
dubem@io4965,NXPAAFPA
dubem@io4966,BMGTOPWF
dubem@io4967,YGKJMBPF
dubem@io4968,QMPQPDIL
dubem@io4969,NZZQNNEW
dubem@io4970,YSTSPTRW
dubem@io4971,UILIHQQA
dubem@io4972,EUSWKTHJ
dubem@io4973,IOTZIYDE
dubem@io4974,QUDKBDAM
dubem@io4975,XSSAROWB
dubem@io4976,TGNJSKRO
dubem@io4977,FBEOZYJB
dubem@io4978,NUSRRWDO
dubem@io4979,PYJJIPRM
dubem@io4980,IQYPOMYX
dubem@io4981,CPPIKTHN
dubem@io4982,GAQHLHTX
dubem@io4983,UBCPJVBJ
dubem@io4984,VSNCDCPP
dubem@io4985,MWZNPCVH
dubem@io4986,CUKIPIZD
dubem@io4987,TYWEZXWL
dubem@io4988,CLDUVJBN
dubem@io4989,MHDWSOZK
dubem@io4990,MWKCLOQU
dubem@io4991,GTFSOWWE
dubem@io4992,UQFVYBAS
dubem@io4993,TPLIOYVV
dubem@io4994,NBCDYKSS
dubem@io4995,UKSIPYXM
dubem@io4996,BHLQDZOP
dubem@io4997,XSORATVX
dubem@io4998,DASXKSWY
dubem@io4999,DQFSTTNO
dubem@io5000,ICILKPDK
dubem@io5001,ZWQSVCVF
dubem@io5002,UZCQFQPL
dubem@io5003,FZXCDKTT
dubem@io5004,VCPTGEXS
dubem@io5005,ZFQABPTJ
dubem@io5006,RMOYDAHL
dubem@io5007,DELBOQVR
dubem@io5008,LKGMCNUF
dubem@io5009,UUTKUGRP
dubem@io5010,XRTKYIFN
dubem@io5011,VYXSCXWJ
dubem@io5012,WJFFNCXG
dubem@io5013,KJHRVMXM
dubem@io5014,SIWUGKNV
dubem@io5015,DGJPCXFR
dubem@io5016,XPTUZMFG
dubem@io5017,XKNVJJXK
dubem@io5018,PDHWSQJV
dubem@io5019,YDNAHYLE
dubem@io5020,QAAVBJDJ
dubem@io5021,XSEUVFSZ
dubem@io5022,ZCVIXVGP
dubem@io5023,IVNMSYQA
dubem@io5024,FMPFOBZS
dubem@io5025,RIBEXNCK
dubem@io5026,PFLOVQHN
dubem@io5027,SDKKTBGA
dubem@io5028,AMXIGHNR
dubem@io5029,TKQMDLLQ
dubem@io5030,OGFGNIAV
dubem@io5031,LNTNAVKQ
dubem@io5032,JOYPSLUD
dubem@io5033,VSUCKBBF
dubem@io5034,MKCRPBJJ
dubem@io5035,HZAZAIID
dubem@io5036,AGYKYEEA
dubem@io5037,TBZSLAHT
dubem@io5038,AXKCOSMV
dubem@io5039,XSBOZASE
dubem@io5040,XNKXFUCS
dubem@io5041,BHXACLIN
dubem@io5042,IOZBNDCQ
dubem@io5043,IJYEWGPT
dubem@io5044,JAHECLIS
dubem@io5045,PUGKVRKK
dubem@io5046,RRZTAEMB
dubem@io5047,JHNNCYBH
dubem@io5048,WCFQTESJ
dubem@io5049,OOSRSDKV
dubem@io5050,HZARGVVK
dubem@io5051,NLECGVMI
dubem@io5052,SLPEUIUT
dubem@io5053,ZLGFSPYQ
dubem@io5054,JMCXXFAC
dubem@io5055,KITXLDNF
dubem@io5056,CXATHHFU
dubem@io5057,BHCQSFKQ
dubem@io5058,LWKQNIKV
dubem@io5059,YTPUGMCG
dubem@io5060,FPKFOGCU
dubem@io5061,FDPTRHPN
dubem@io5062,TCRTPGGE
dubem@io5063,KWXVNWUJ
dubem@io5064,ZFSFEDKY
dubem@io5065,MTXXXKZB
dubem@io5066,KHENONEF
dubem@io5067,BHQQHSWN
dubem@io5068,PGVYVQRI
dubem@io5069,EIMPFYHO
dubem@io5070,NNLDARZH
dubem@io5071,LSXBJKEF
dubem@io5072,VUXSBDNS
dubem@io5073,ACKXDNRS
dubem@io5074,ICCBCFGB
dubem@io5075,CFMDTPJC
dubem@io5076,QPCZUFNI
dubem@io5077,WGQEZPYS
dubem@io5078,TWENHEGH
dubem@io5079,TMLVLQMW
dubem@io5080,XZFSTIKA
dubem@io5081,VTXMGZVH
dubem@io5082,XLAACZEN
dubem@io5083,KRXVNEFM
dubem@io5084,KMDAOMSV
dubem@io5085,MLPZGXEY
dubem@io5086,AUGFZKOK
dubem@io5087,JRSKAFHS
dubem@io5088,CTAEOWSG
dubem@io5089,LMKQFPWQ
dubem@io5090,OIEDEMDI
dubem@io5091,BPHOUGDX
dubem@io5092,XDJQXKYP
dubem@io5093,VALTJTDD
dubem@io5094,GACBMJIJ
dubem@io5095,IHXLHVIS
dubem@io5096,NKJDIWRR
dubem@io5097,RMHGXOEA
dubem@io5098,KINVWBUC
dubem@io5099,XTSXWWSL
dubem@io5100,XIPMJOTD
dubem@io5101,KXLFMLCE
dubem@io5102,YITUNZJC
dubem@io5103,WLOFBMHR
dubem@io5104,RAGFXEOZ
dubem@io5105,USKMPBWP
dubem@io5106,KPCVTMSK
dubem@io5107,ZNGHSZQV
dubem@io5108,YLHJHIFB
dubem@io5109,EBDUDEMO
dubem@io5110,WNNUZASQ
dubem@io5111,UBFDGGRY
dubem@io5112,VDWDRMXU
dubem@io5113,IQGICAIJ
dubem@io5114,GQDKSDVC
dubem@io5115,ZKDFHDLI
dubem@io5116,KHBUUAKZ
dubem@io5117,VMOOIZNC
dubem@io5118,EHNBUTXX
dubem@io5119,TVNBJPTP
dubem@io5120,DFSAMSEA
dubem@io5121,PBGYQNZX
dubem@io5122,MVNZKGYI
dubem@io5123,MBLYRUAS
dubem@io5124,TTTMGMLC
dubem@io5125,HXZBWLOE
dubem@io5126,FLALDERK
dubem@io5127,OSFUGVDI
dubem@io5128,RQWUQKMX
dubem@io5129,AREUFRTT
dubem@io5130,IUIWVJUT
dubem@io5131,UBCFRXDM
dubem@io5132,AXBXXNMF
dubem@io5133,TXPOEREV
dubem@io5134,KHMAPWJZ
dubem@io5135,XUVGYJLJ
dubem@io5136,LZPKPZPC
dubem@io5137,IZSNYIUY
dubem@io5138,ZBXGURQM
dubem@io5139,DNIATVNG
dubem@io5140,MQGPSUZG
dubem@io5141,TEKWKRHP
dubem@io5142,BQDLNDMM
dubem@io5143,CXEFELYD
dubem@io5144,SFLRARLX
dubem@io5145,LTWXCSRC
dubem@io5146,XWOETFXG
dubem@io5147,NSFMOHRR
dubem@io5148,ZLZUPWLS
dubem@io5149,ZXTNHWZI
dubem@io5150,DAIDDYAN
dubem@io5151,TUDSXSWT
dubem@io5152,ZSGSFOQW
dubem@io5153,YTNYVBSW
dubem@io5154,LJGTDRFZ
dubem@io5155,GFBFDBEJ
dubem@io5156,WKJFEMEZ
dubem@io5157,YHLSSRTW
dubem@io5158,EIVTVJEG
dubem@io5159,HSBRJRKS
dubem@io5160,QSDWLLLB
dubem@io5161,WLWHBCNB
dubem@io5162,JPXJABPT
dubem@io5163,NHMCYLRH
dubem@io5164,MZKVPVUT
dubem@io5165,SMJIAHCN
dubem@io5166,TBQIFRGY
dubem@io5167,IBJWLIPT
dubem@io5168,AHRHKZAO
dubem@io5169,NBSYGPFD
dubem@io5170,DJBFWOFU
dubem@io5171,CULNRWQE
dubem@io5172,FFIDNULJ
dubem@io5173,HUINARVY
dubem@io5174,PQYEUPMB
dubem@io5175,DIXWCNXF
dubem@io5176,WCSFGXVH
dubem@io5177,KCSLPWLN
dubem@io5178,YMVEIDPY
dubem@io5179,JJHOSWUG
dubem@io5180,PJIAODSF
dubem@io5181,VHNMJNCP
dubem@io5182,GYARIKEA
dubem@io5183,TNSSXZOL
dubem@io5184,FPXQKFVS
dubem@io5185,XXAPNUXC
dubem@io5186,KLRVTSSU
dubem@io5187,YUCNVPYF
dubem@io5188,IFKFNZKB
dubem@io5189,SJPRUVWK
dubem@io5190,AHFYPWUD
dubem@io5191,YNAEAPKV
dubem@io5192,IGACFGCZ
dubem@io5193,HWEPAQOJ
dubem@io5194,WCKQOOUZ
dubem@io5195,QUXTOQIB
dubem@io5196,ZPEDXKPG
dubem@io5197,COCYSKSD
dubem@io5198,IGXEKBJS
dubem@io5199,ROHVNPAM
dubem@io5200,ZPQIICRF
dubem@io5201,DPGGAWVD
dubem@io5202,LQIOWJXK
dubem@io5203,KSBZCTUE
dubem@io5204,NYNPFAVS
dubem@io5205,TBXQPOEN
dubem@io5206,EUKEKFDZ
dubem@io5207,PTWLTJHK
dubem@io5208,USVNINQY
dubem@io5209,XEXWBYKS
dubem@io5210,WNSOCCJB
dubem@io5211,PWEBVLGU
dubem@io5212,CZZKGUXD
dubem@io5213,ELKRTXNI
dubem@io5214,OHQIZJQG
dubem@io5215,AEOLZFCA
dubem@io5216,OVAWEXNA
dubem@io5217,FXXVLESI
dubem@io5218,RHKEKVHL
dubem@io5219,MRXDXDFP
dubem@io5220,CXKIYNWG
dubem@io5221,ZEDPRRSJ
dubem@io5222,FEAYFWQT
dubem@io5223,FILJFPQA
dubem@io5224,YYGZXXDC
dubem@io5225,HQTDPIAD
dubem@io5226,ANBHYELM
dubem@io5227,GABRQAZP
dubem@io5228,ELTVUNVO
dubem@io5229,NYDXXHWT
dubem@io5230,EBUTCDDY
dubem@io5231,QNGGBKVK
dubem@io5232,KFDMGKSU
dubem@io5233,ZRBJNYNS
dubem@io5234,AOXCMNDX
dubem@io5235,OLWNEVGV
dubem@io5236,ZQSFMBIE
dubem@io5237,FCIIEFMQ
dubem@io5238,KDWPIADR
dubem@io5239,YHFHWMXS
dubem@io5240,WXXMPISO
dubem@io5241,QYHDIXWY
dubem@io5242,HGMBIUHF
dubem@io5243,RQZAFOKP
dubem@io5244,KTHRGNSH
dubem@io5245,IBYHYJTM
dubem@io5246,WIYWBABE
dubem@io5247,RQPNORIX
dubem@io5248,VSEAIBGM
dubem@io5249,QMXTBCSI
dubem@io5250,FBOVKHKY
dubem@io5251,QCMMHRKY
dubem@io5252,PNFBWUIO
dubem@io5253,ALIOHLJF
dubem@io5254,UMTSAPZX
dubem@io5255,OMIOIVKQ
dubem@io5256,CHEQUYUV
dubem@io5257,SSIYBAGS
dubem@io5258,TCEZLSDL
dubem@io5259,JPGARHLU
dubem@io5260,STUTPNSF
dubem@io5261,HWRFMIFX
dubem@io5262,KDEEJLVC
dubem@io5263,KGONVSLK
dubem@io5264,CMKATPHC
dubem@io5265,KHZVIKDW
dubem@io5266,RZKVRHXC
dubem@io5267,XVSCOMVE
dubem@io5268,TFOJLOMW
dubem@io5269,SONSKFPY
dubem@io5270,EUQYKCVH
dubem@io5271,XHSPOTMK
dubem@io5272,PMUZSPEG
dubem@io5273,LHCOWEDI
dubem@io5274,ITHZPMWI
dubem@io5275,TBUXKJOX
dubem@io5276,EPAXUFYQ
dubem@io5277,ZANCYSFG
dubem@io5278,QGHXMCEL
dubem@io5279,JFNLBPHL
dubem@io5280,MXZCWWZA
dubem@io5281,YGERYXCQ
dubem@io5282,CRYMVQGU
dubem@io5283,QBICLYEZ
dubem@io5284,QTZRWVGL
dubem@io5285,FDQRUQAM
dubem@io5286,IOTROOKU
dubem@io5287,EOTXPQGI
dubem@io5288,CFNAISFP
dubem@io5289,GHJXBTHN
dubem@io5290,WGMQONIN
dubem@io5291,QXKSLOGN
dubem@io5292,CDJKSBQK
dubem@io5293,SBXLUNFB
dubem@io5294,SPNBACME
dubem@io5295,AHXIAQAE
dubem@io5296,JRWAOYKL
dubem@io5297,JLMVUTWQ
dubem@io5298,KJWCVMTP
dubem@io5299,OZXWNNUQ
dubem@io5300,PIZBRTGG
dubem@io5301,VKTWXHLW
dubem@io5302,NFSOBXOA
dubem@io5303,ORCINPUL
dubem@io5304,RAYAAZDB
dubem@io5305,QBOCMBQW
dubem@io5306,JDYDKEMG
dubem@io5307,DFMWAUHI
dubem@io5308,FTKOPQEL
dubem@io5309,MSERSADI
dubem@io5310,MOZYTLZQ
dubem@io5311,LQGDMPUU
dubem@io5312,YLXIQERI
dubem@io5313,MUQQUPKA
dubem@io5314,VAMVXRLV
dubem@io5315,HDTXHJBR
dubem@io5316,ANOUQFUR
dubem@io5317,XAQNMEBF
dubem@io5318,GZGKZQRI
dubem@io5319,HQIMOTYL
dubem@io5320,ATXRLNKG
dubem@io5321,UUJDYKPL
dubem@io5322,QFBJKQYR
dubem@io5323,EAVZNHDT
dubem@io5324,NWWYXPLF
dubem@io5325,EYKGZQRG
dubem@io5326,HWITZRXU
dubem@io5327,VQNDIUQO
dubem@io5328,VIKNMMHF
dubem@io5329,ORYVEPPL
dubem@io5330,WOYADVSM
dubem@io5331,TFTYBTWU
dubem@io5332,HDJAXQIC
dubem@io5333,GRLEBNMV
dubem@io5334,MUHCOPAY
dubem@io5335,COGWXQJK
dubem@io5336,INDVTTSH
dubem@io5337,BKCUEXOF
dubem@io5338,PJGQPOYQ
dubem@io5339,IBBPMFMX
dubem@io5340,SKBYUCPH
dubem@io5341,YKESVBMA
dubem@io5342,HHWDDMRM
dubem@io5343,PXQJFYRU
dubem@io5344,BHRJBNER
dubem@io5345,PTNDOWEU
dubem@io5346,OOAXKNSB
dubem@io5347,CSVZRPZN
dubem@io5348,ZSZNWTVT
dubem@io5349,BRLXRQTV
dubem@io5350,SCEFGZBI
dubem@io5351,LFVAJQOQ
dubem@io5352,TOWDRBQB
dubem@io5353,YJXKVSTO
dubem@io5354,ALVDRMPL
dubem@io5355,PBPBZQST
dubem@io5356,IJYEESKC
dubem@io5357,YGCHYQSW
dubem@io5358,KHQCDEWN
dubem@io5359,JHADDNHT
dubem@io5360,TEJPXQLN
dubem@io5361,UBFJTEHH
dubem@io5362,IYWSREHY
dubem@io5363,OLUJWLTF
dubem@io5364,KIFRHILZ
dubem@io5365,BWILBWOJ
dubem@io5366,RBXJSNPH
dubem@io5367,WOUBJRLV
dubem@io5368,ABPHONFC
dubem@io5369,FNLEEAWN
dubem@io5370,FINDLUNI
dubem@io5371,TKGWPQXI
dubem@io5372,KDSSQUDI
dubem@io5373,ABFKZVEF
dubem@io5374,LCUJWEAD
dubem@io5375,JEWDGMEX
dubem@io5376,RIAAOLKX
dubem@io5377,EIVREADB
dubem@io5378,TTLKWYYD
dubem@io5379,DNORQNGR
dubem@io5380,LFEIOVJH
dubem@io5381,VDYRMOMD
dubem@io5382,VPZUFRDC
dubem@io5383,EYICTLYK
dubem@io5384,ZBRHIAVR
dubem@io5385,UKIDPPOZ
dubem@io5386,KEDJNVHW
dubem@io5387,IFIBTZOK
dubem@io5388,GVFNFTNF
dubem@io5389,OXCBCDRX
dubem@io5390,YLLBILTL
dubem@io5391,ODVROBQP
dubem@io5392,QMQZHEPF
dubem@io5393,NAEJALZM
dubem@io5394,DYSTYJCB
dubem@io5395,WLIVDOHO
dubem@io5396,MEOOBAAN
dubem@io5397,RUSLOUMS
dubem@io5398,XEDBKECW
dubem@io5399,SZVAIXJA
dubem@io5400,UFDSWWRP
dubem@io5401,ABCSGEOE
dubem@io5402,BYJHDUDP
dubem@io5403,MZMQZVGJ
dubem@io5404,TYDGXKZE
dubem@io5405,WYDKNXCN
dubem@io5406,CEKACMHR
dubem@io5407,UJGIZMAB
dubem@io5408,PNQGECTN
dubem@io5409,GKMDIOSA
dubem@io5410,BMHXKLEK
dubem@io5411,JLPIGEPU
dubem@io5412,RZNPPDYE
dubem@io5413,TBDVVAME
dubem@io5414,PYWRDUXE
dubem@io5415,MIZZRIUJ
dubem@io5416,OPSBRDQF
dubem@io5417,WDPZFNQV
dubem@io5418,SHODWGEV
dubem@io5419,CBUZJPCI
dubem@io5420,SRTCGSAE
dubem@io5421,IWBDVTZR
dubem@io5422,PYAWPSUR
dubem@io5423,MATVMILB
dubem@io5424,FYESAIGS
dubem@io5425,XWTCMFPP
dubem@io5426,SYUYXDYZ
dubem@io5427,XGENVSVN
dubem@io5428,IQVPDEGJ
dubem@io5429,NPZRLYBQ
dubem@io5430,KXJPQNRN
dubem@io5431,BISNLGLH
dubem@io5432,URCVWDIX
dubem@io5433,NSIXBZAU
dubem@io5434,KGULLHJT
dubem@io5435,XLGJQAXJ
dubem@io5436,JSBYRBNP
dubem@io5437,AZCWIEXV
dubem@io5438,DKFAKVII
dubem@io5439,RWLVCKAI
dubem@io5440,TIBJQEME
dubem@io5441,ZGDZAFNC
dubem@io5442,PYJWXTNM
dubem@io5443,ENOZESZI
dubem@io5444,VJONQRIE
dubem@io5445,FGHOLZHS
dubem@io5446,XLPNEYBS
dubem@io5447,NWCMQYIT
dubem@io5448,ROUKGPGM
dubem@io5449,RSEEBJJO
dubem@io5450,YJRORUVV
dubem@io5451,IHDWGFCE
dubem@io5452,UPLMYTAW
dubem@io5453,AIOOPLXG
dubem@io5454,CHIYDFOH
dubem@io5455,HCCAIJGF
dubem@io5456,HIKLUHGU
dubem@io5457,GQHSRCDV
dubem@io5458,VWYAWVBV
dubem@io5459,ZGSSAVIK
dubem@io5460,EHYGYLQK
dubem@io5461,RPBZTUAX
dubem@io5462,YZZBGMIV
dubem@io5463,VYSZQSNT
dubem@io5464,IGDJKKOG
dubem@io5465,JKRLUUZN
dubem@io5466,ESOULUOZ
dubem@io5467,JIHEQTMO
dubem@io5468,ZPPLXNTZ
dubem@io5469,WSXTVZQD
dubem@io5470,FMXWNXZT
dubem@io5471,XXJKQWIR
dubem@io5472,KUKINWMN
dubem@io5473,PJIZOJLX
dubem@io5474,DFZDTOJF
dubem@io5475,ARDIZOCH
dubem@io5476,AZEKXCMN
dubem@io5477,WQTHRQUB
dubem@io5478,WAWPMIFN
dubem@io5479,LJYLYHYY
dubem@io5480,XUPAFLFD
dubem@io5481,WHKAWRFS
dubem@io5482,DLKQXCVA
dubem@io5483,JAMNMBRL
dubem@io5484,XTINOPYY
dubem@io5485,OBWROBLN
dubem@io5486,FJNDGASE
dubem@io5487,YPIJUIBL
dubem@io5488,TWYETNAS
dubem@io5489,XHRYVQRI
dubem@io5490,UAMJJTCO
dubem@io5491,ESQYMNBT
dubem@io5492,HUPAZZII
dubem@io5493,BYMEGCCH
dubem@io5494,QYZPLSWU
dubem@io5495,GMGDRTQY
dubem@io5496,JADJDGCJ
dubem@io5497,TCWQCPNO
dubem@io5498,IQHZVWAZ
dubem@io5499,LRMYVOXJ
dubem@io5500,EHBGIQBC
dubem@io5501,JYAAAHXW
dubem@io5502,XVFIYSJM
dubem@io5503,THXEHEIU
dubem@io5504,BMFNCREY
dubem@io5505,HHJLQBFV
dubem@io5506,WOUBXNQJ
dubem@io5507,EGYOMBNW
dubem@io5508,FNHPRFXS
dubem@io5509,WLJUPPYU
dubem@io5510,NUNRJFGO
dubem@io5511,NRREFPZB
dubem@io5512,BILPSMYP
dubem@io5513,DNEZCBKQ
dubem@io5514,DOZSYNBA
dubem@io5515,HLLLVYDL
dubem@io5516,SGLXXVMW
dubem@io5517,ZRPSSKQB
dubem@io5518,WMSESYVP
dubem@io5519,XFJECRUB
dubem@io5520,VWVRCNJN
dubem@io5521,FVGHRHPP
dubem@io5522,MCHJSIGJ
dubem@io5523,YJFYFAZC
dubem@io5524,WBEQABCC
dubem@io5525,PTMBKMDA
dubem@io5526,PPGFKYUO
dubem@io5527,CNKZVLOY
dubem@io5528,ADXTJJZC
dubem@io5529,UNYXDQTB
dubem@io5530,JIRELCHF
dubem@io5531,UDHVLMSE
dubem@io5532,BTOHZMLI
dubem@io5533,RTKWRRAD
dubem@io5534,JUUTWLIH
dubem@io5535,IQJHVITS
dubem@io5536,LWXIHRBO
dubem@io5537,WYGCBIML
dubem@io5538,EWXTDMYI
dubem@io5539,GCJKRVSC
dubem@io5540,PRIADQSP
dubem@io5541,ZHBJYBZU
dubem@io5542,OSXFYJBH
dubem@io5543,JDSRCOPD
dubem@io5544,UGIRRBRT
dubem@io5545,DFEHZSLG
dubem@io5546,TUVPYACI
dubem@io5547,XASEURIO
dubem@io5548,AOBUULHE
dubem@io5549,SQDZYDVO
dubem@io5550,CGDKPFNI
dubem@io5551,XXNKHTII
dubem@io5552,DZBFMTCX
dubem@io5553,VKNDCXSE
dubem@io5554,VLMSAVHG
dubem@io5555,OESIUUIF
dubem@io5556,FNPOMKIZ
dubem@io5557,CNNYRLIX
dubem@io5558,CPSHOYOX
dubem@io5559,JBKMFVIU
dubem@io5560,MEHJCINZ
dubem@io5561,VMITYDAR
dubem@io5562,HBNELCMK
dubem@io5563,ZIKPPNCQ
dubem@io5564,APPEZKZO
dubem@io5565,DQVZKQUU
dubem@io5566,IWZWVOJW
dubem@io5567,RBUEAPSG
dubem@io5568,PVUPJNSN
dubem@io5569,TUQZRHWZ
dubem@io5570,RKDATPMR
dubem@io5571,JZSCQZKW
dubem@io5572,OZIBHRKB
dubem@io5573,KDHYOYBY
dubem@io5574,JVFMCAIG
dubem@io5575,CNEJXDJP
dubem@io5576,PMCQMYQA
dubem@io5577,PSDOUYDK
dubem@io5578,THQXYWSQ
dubem@io5579,WMDJIIPZ
dubem@io5580,QZHSDRJW
dubem@io5581,RWQFQOMZ
dubem@io5582,DSXYBLTM
dubem@io5583,MUISUGDG
dubem@io5584,WZAAWYHI
dubem@io5585,HJKOFREC
dubem@io5586,HXLGXGQD
dubem@io5587,OQQVUUEC
dubem@io5588,ZYDCPUWP
dubem@io5589,IEMUZAKR
dubem@io5590,VOQGQZTA
dubem@io5591,ULWONRJB
dubem@io5592,GPGDIDAO
dubem@io5593,LKZFTZCY
dubem@io5594,CWDONFNV
dubem@io5595,OJEDARZR
dubem@io5596,BUPPTWIZ
dubem@io5597,VTVKIIVS
dubem@io5598,OAVEXNCM
dubem@io5599,IXIDSNRX
dubem@io5600,VAURTLUU
dubem@io5601,YPGMBBYF
dubem@io5602,KAVHLSGH
dubem@io5603,HWYSZTGQ
dubem@io5604,XLSCRQTA
dubem@io5605,TYFDFTMC
dubem@io5606,RXVGKQQP
dubem@io5607,XBAFVKBN
dubem@io5608,DRBRVDIU
dubem@io5609,MAZVKEWH
dubem@io5610,UGJTGPLY
dubem@io5611,PDNYBCIO
dubem@io5612,SGVIXMAV
dubem@io5613,NIBKVRBA
dubem@io5614,TSOFWLEE
dubem@io5615,YBVADXOU
dubem@io5616,GKOQXJMW
dubem@io5617,MDFRWDGV
dubem@io5618,ADAKZNJP
dubem@io5619,LMLCPDOO
dubem@io5620,UHTCLUBC
dubem@io5621,WTWRBJAW
dubem@io5622,MEFNFEKO
dubem@io5623,IVPPEUBL
dubem@io5624,EDNKNRUU
dubem@io5625,MLDWRKHO
dubem@io5626,IMLUARJA
dubem@io5627,MXQGVVIA
dubem@io5628,AYHSTVCH
dubem@io5629,UDYWLBWU
dubem@io5630,ZZBSSAWS
dubem@io5631,ZOCWQQYP
dubem@io5632,XEDOCHXO
dubem@io5633,UAUJYASW
dubem@io5634,PAGRZJYW
dubem@io5635,YUZBYNLH
dubem@io5636,BSONTCZO
dubem@io5637,HTPUZVHL
dubem@io5638,RFLSJOCY
dubem@io5639,XXUJNUUF
dubem@io5640,MGVKLENW
dubem@io5641,CQWBUOCT
dubem@io5642,XUTPGIJO
dubem@io5643,GZYAZTYI
dubem@io5644,YDHJCZTY
dubem@io5645,JJZFKWPU
dubem@io5646,HHRGIZVD
dubem@io5647,MZRPLZRL
dubem@io5648,IAMHZVNN
dubem@io5649,MPPEJBGR
dubem@io5650,OSRTQHFO
dubem@io5651,PIYUMJQO
dubem@io5652,EDRQLBFT
dubem@io5653,LDILGCBP
dubem@io5654,MYDVTMUC
dubem@io5655,ZJGSMDUJ
dubem@io5656,OXWMCUYD
dubem@io5657,KNQNSDEI
dubem@io5658,OGOQEUOV
dubem@io5659,SRWQXTXT
dubem@io5660,QVOJPEUD
dubem@io5661,PYDLDBJC
dubem@io5662,ESPDINFR
dubem@io5663,EHTOYSPD
dubem@io5664,BRZVHEYI
dubem@io5665,ISRFYDSK
dubem@io5666,DMMYHNGX
dubem@io5667,LIFNKMBL
dubem@io5668,YQIZSFGN
dubem@io5669,AKQDOWGY
dubem@io5670,DZEFAPTC
dubem@io5671,EAOUMBUR
dubem@io5672,QNJZGGDL
dubem@io5673,UFDNHBZN
dubem@io5674,ZTAASAQC
dubem@io5675,BOFIRFBC
dubem@io5676,IGJQKKQD
dubem@io5677,PVUWKHTZ
dubem@io5678,YNPZTUDF
dubem@io5679,PRTAOBDO
dubem@io5680,VXHIURCN
dubem@io5681,DABNLORM
dubem@io5682,CBAQMZPJ
dubem@io5683,KYGZLROJ
dubem@io5684,MEAIZDBI
dubem@io5685,LBUUPGVB
dubem@io5686,WDMUTRQU
dubem@io5687,RTWZZAAJ
dubem@io5688,UGPTZRME
dubem@io5689,LZNCGTJK
dubem@io5690,AROSOEIM
dubem@io5691,JJXLUMQP
dubem@io5692,MIMYGEXI
dubem@io5693,AZVRPFJK
dubem@io5694,ELSKCBZT
dubem@io5695,LFLBBLSH
dubem@io5696,BGYXWBPK
dubem@io5697,FJXUYPHZ
dubem@io5698,KEMXPEWQ
dubem@io5699,LKGSOKHW
dubem@io5700,HXNHNRVF
dubem@io5701,AWIKEMDE
dubem@io5702,USTQWZLW
dubem@io5703,BPCLCWLN
dubem@io5704,IKDNUJXO
dubem@io5705,QUQVPKLE
dubem@io5706,IAVAXONP
dubem@io5707,RRYKCUNZ
dubem@io5708,RXBERDRV
dubem@io5709,VIUZDOSS
dubem@io5710,BEGTWYNZ
dubem@io5711,ZYWLJBGR
dubem@io5712,SBIDEIRP
dubem@io5713,SLMKNQIZ
dubem@io5714,DNZFXTLO
dubem@io5715,AVRTNLWC
dubem@io5716,KJLXEYFU
dubem@io5717,XUITAZIL
dubem@io5718,GORCACZC
dubem@io5719,FAWYJTCD
dubem@io5720,KVUYSDVV
dubem@io5721,KDKLMCTP
dubem@io5722,ORUSPRFC
dubem@io5723,RWFXKRAJ
dubem@io5724,ZTTGUGQN
dubem@io5725,SWLZGGPR
dubem@io5726,ANROMJWP
dubem@io5727,DXSMEMLZ
dubem@io5728,UZCGGBUN
dubem@io5729,SPFDBDEU
dubem@io5730,ZNYYDZRH
dubem@io5731,QTYIQVAW
dubem@io5732,SXUIEBQL
dubem@io5733,FVPQBULK
dubem@io5734,UZHZAEYB
dubem@io5735,RYCOTHXS
dubem@io5736,VNPVFRRN
dubem@io5737,ONAICZIT
dubem@io5738,YXBKKZNS
dubem@io5739,USMMZMSS
dubem@io5740,KZEPOYFS
dubem@io5741,CPIKNPGN
dubem@io5742,WIHGUMVA
dubem@io5743,CRXUSBZD
dubem@io5744,VEHXYMKF
dubem@io5745,YICBGXZA
dubem@io5746,HKMJRZKX
dubem@io5747,PQLPNJRX
dubem@io5748,RGZTXMHN
dubem@io5749,NYMNLOES
dubem@io5750,SOANKOGT
dubem@io5751,PNJPYTDA
dubem@io5752,NAYLTMVO
dubem@io5753,QCXNWLHV
dubem@io5754,JHWRKFFY
dubem@io5755,WZIOMPRE
dubem@io5756,AALHBUWX
dubem@io5757,IQHSGPPP
dubem@io5758,HXBNVJTM
dubem@io5759,XVNZXYQE
dubem@io5760,VJKJSFPD
dubem@io5761,DDHIEZAO
dubem@io5762,OEVQCXGZ
dubem@io5763,WETYPNHB
dubem@io5764,ZIOUYYEH
dubem@io5765,CJAPRPJB
dubem@io5766,JESVLATK
dubem@io5767,DQSSOCTB
dubem@io5768,TCCOANLI
dubem@io5769,JJZFPONE
dubem@io5770,TEDCBXSZ
dubem@io5771,IMWHHELN
dubem@io5772,QAMNDCWH
dubem@io5773,VMICCKHO
dubem@io5774,SXSRFNWI
dubem@io5775,XNNXIFDP
dubem@io5776,OXGOOFWT
dubem@io5777,WWLGBHFW
dubem@io5778,BZPVMIJL
dubem@io5779,JFQHDAVT
dubem@io5780,ITKGQJQT
dubem@io5781,REAWBAKY
dubem@io5782,FAKBDTKQ
dubem@io5783,SWYLPZIJ
dubem@io5784,GVMXPADD
dubem@io5785,WREGJLXN
dubem@io5786,YBQAGYXB
dubem@io5787,NKFAXAWG
dubem@io5788,GDLMPVRP
dubem@io5789,OTCYXDUG
dubem@io5790,APIQSQLC
dubem@io5791,PKGBIQKK
dubem@io5792,RGUXRDQV
dubem@io5793,ZZMCDMRP
dubem@io5794,PUYEUREY
dubem@io5795,YUYBJEWE
dubem@io5796,VETLTRHN
dubem@io5797,OIZMEGQL
dubem@io5798,RXIGAQJR
dubem@io5799,LCJBRTHG
dubem@io5800,NMGVUCDM
dubem@io5801,SXWHJEMP
dubem@io5802,MHIAERLL
dubem@io5803,XECVCKGB
dubem@io5804,NYBBZEAV
dubem@io5805,RSSNWAAM
dubem@io5806,VZBLTVXD
dubem@io5807,HICCRTCI
dubem@io5808,XLTIGWUF
dubem@io5809,RKMQQOIE
dubem@io5810,ISMVDHED
dubem@io5811,PSPDXSJA
dubem@io5812,MIQTSAMR
dubem@io5813,AMLDWEFC
dubem@io5814,YHEGIZBD
dubem@io5815,EBERHCTM
dubem@io5816,XHPGBZBC
dubem@io5817,VGFWNZSS
dubem@io5818,PSTWYEXQ
dubem@io5819,BCBAYGNZ
dubem@io5820,WSBXVQAO
dubem@io5821,JZNCNXRK
dubem@io5822,RGJQZPIC
dubem@io5823,SQPYROCN
dubem@io5824,DMGTZCNU
dubem@io5825,KBQQIEKI
dubem@io5826,SLTYVOUU
dubem@io5827,OPOUMEYT
dubem@io5828,WRPBSGXI
dubem@io5829,ZYECGAWQ
dubem@io5830,WRHCIMGO
dubem@io5831,BBWVOOKJ
dubem@io5832,BXKDSSHX
dubem@io5833,GVLNRNCZ
dubem@io5834,VNEKFWJY
dubem@io5835,ZQUKNDFQ
dubem@io5836,KZUGOVXO
dubem@io5837,TZYRSTIW
dubem@io5838,KGEXHOXY
dubem@io5839,JRGZIORX
dubem@io5840,KRJOWRIN
dubem@io5841,UBJVAAOZ
dubem@io5842,PKXAOEBD
dubem@io5843,OXQYGJVI
dubem@io5844,QAWBMZVG
dubem@io5845,DMWJUYMA
dubem@io5846,SHVVEEKR
dubem@io5847,IOSZRNRG
dubem@io5848,PIGWSFPL
dubem@io5849,WSDKAIOW
dubem@io5850,MQYCVPOS
dubem@io5851,DYSZTTZH
dubem@io5852,QNXJNBFD
dubem@io5853,OLZWDPQD
dubem@io5854,XSDHICRT
dubem@io5855,KMQUMIAA
dubem@io5856,NSSGSEVZ
dubem@io5857,XKPPVSWS
dubem@io5858,MEQALSMD
dubem@io5859,IIGTHUBQ
dubem@io5860,NYMXSDWX
dubem@io5861,CYTBDFWO
dubem@io5862,ZYHGZKSZ
dubem@io5863,JSCXIFNQ
dubem@io5864,TLFXOTUW
dubem@io5865,ZDGQNVPF
dubem@io5866,JJYKMMBA
dubem@io5867,XHJFAECT
dubem@io5868,CATQJSSP
dubem@io5869,GIIQVDJK
dubem@io5870,LBCQFYBW
dubem@io5871,HJXOIZGV
dubem@io5872,PGPXZRYV
dubem@io5873,TPKLSIUI
dubem@io5874,FPGAEOWN
dubem@io5875,TKMWXENU
dubem@io5876,MFJHLEXM
dubem@io5877,DPDEAFQH
dubem@io5878,KLMMAFIK
dubem@io5879,DONEJQSB
dubem@io5880,NTDTDDKY
dubem@io5881,TPQFGBYY
dubem@io5882,FGQUCWDW
dubem@io5883,AHZEAJXH
dubem@io5884,SPOVHHDM
dubem@io5885,HFEOBHIP
dubem@io5886,UTJPCCZC
dubem@io5887,WDITZLMJ
dubem@io5888,HYTHOBON
dubem@io5889,KFBZDOOU
dubem@io5890,JGGLEOZL
dubem@io5891,YVHTKXGC
dubem@io5892,WMOKAHEB
dubem@io5893,DXMYDVYW
dubem@io5894,RAJASZEQ
dubem@io5895,TNOJAQMY
dubem@io5896,PJUOIWAK
dubem@io5897,MRILJJED
dubem@io5898,BTWHIMJN
dubem@io5899,UUGLHGUQ
dubem@io5900,XGGUDPDS
dubem@io5901,NTTAGQAM
dubem@io5902,ATOMBYLL
dubem@io5903,QUTZOJHV
dubem@io5904,HMRKVDKB
dubem@io5905,QPQEZUBC
dubem@io5906,OIDBKEEQ
dubem@io5907,ECHWMQDW
dubem@io5908,GMJWLTXT
dubem@io5909,HNILEZND
dubem@io5910,KCEFOVZH
dubem@io5911,FWXUUIRM
dubem@io5912,MUELVYKN
dubem@io5913,OXJWNFVG
dubem@io5914,QHHMCLFM
dubem@io5915,XDZBEFOZ
dubem@io5916,YIXFJAVH
dubem@io5917,OHRLDQZG
dubem@io5918,JNEMYDCL
dubem@io5919,HVDOTUII
dubem@io5920,MQBWWKJK
dubem@io5921,ITWKEOSR
dubem@io5922,QKDJIDDC
dubem@io5923,XCBCHMNI
dubem@io5924,XXGJJRNN
dubem@io5925,EJIYUSIS
dubem@io5926,WAQOCCDR
dubem@io5927,UUHVNEPQ
dubem@io5928,SHIAPEIE
dubem@io5929,SIKOTQNM
dubem@io5930,WPFNYSQP
dubem@io5931,VCTDQBHN
dubem@io5932,WHLIEMOT
dubem@io5933,QSQVISFF
dubem@io5934,OSHGNGXF
dubem@io5935,BDTXQRNU
dubem@io5936,QODHOQTK
dubem@io5937,FUOPRNMJ
dubem@io5938,SEBSFPKO
dubem@io5939,PDJNZNFZ
dubem@io5940,CKDZYVFX
dubem@io5941,AIYFGXHS
dubem@io5942,IVWXPBNF
dubem@io5943,TBJBOLSH
dubem@io5944,IFHGTQRF
dubem@io5945,VATQYVIQ
dubem@io5946,LYRBTLTK
dubem@io5947,RRVKBYIF
dubem@io5948,HYRGFTKR
dubem@io5949,WTGDMHGI
dubem@io5950,PMACKSAW
dubem@io5951,BQHMLGNL
dubem@io5952,LXRZPCAG
dubem@io5953,HFOQHOWB
dubem@io5954,GZOTEZCZ
dubem@io5955,OQVNESDP
dubem@io5956,WDGWCPDQ
dubem@io5957,SQRAIOVG
dubem@io5958,FRYPTOBC
dubem@io5959,ZBXOFQWE
dubem@io5960,UUNJCGTP
dubem@io5961,FIXENWVD
dubem@io5962,PCNOXFHI
dubem@io5963,CMYIKGFM
dubem@io5964,BKEGLIDU
dubem@io5965,EVWNVSYP
dubem@io5966,YSRZJINR
dubem@io5967,RCDHMURS
dubem@io5968,UPHNATWS
dubem@io5969,UNDTAKUP
dubem@io5970,KQSHDRSP
dubem@io5971,AOANDTMW
dubem@io5972,PTUTFSIB
dubem@io5973,JNAFYFVN
dubem@io5974,ZBWISWFK
dubem@io5975,PCJCPSDI
dubem@io5976,RRKQNGPB
dubem@io5977,BMKCODFZ
dubem@io5978,EJQVALYV
dubem@io5979,FZJSYWYE
dubem@io5980,HMQDLAQB
dubem@io5981,AOHQWJIO
dubem@io5982,RLXPAGAA
dubem@io5983,THDXDSMQ
dubem@io5984,SVCRQYMB
dubem@io5985,PJDBSKUN
dubem@io5986,UGNLPTRQ
dubem@io5987,ZEHMADVT
dubem@io5988,ESDDCFDX
dubem@io5989,CMGXAINQ
dubem@io5990,FECMAGXT
dubem@io5991,RYNSPFJO
dubem@io5992,KBFDTZES
dubem@io5993,INGIUGIZ
dubem@io5994,DGQJNBVJ
dubem@io5995,VSDKLCVT
dubem@io5996,XTYKZKKP
dubem@io5997,PYPBMBRK
dubem@io5998,XSMXGKJS
dubem@io5999,XBYFFEKT
dubem@io6000,VBKUOHYF
dubem@io6001,RJQFDCYB
dubem@io6002,RAVTRXHJ
dubem@io6003,AYXKDPWL
dubem@io6004,HOCKSNPI
dubem@io6005,TXRFSOOR
dubem@io6006,OGSYVZWV
dubem@io6007,IXATKXLW
dubem@io6008,KJPONTPN
dubem@io6009,EREGLSQJ
dubem@io6010,TAZGGLOF
dubem@io6011,LBFFBPOX
dubem@io6012,IKQOKAAL
dubem@io6013,MUSUYAIM
dubem@io6014,ANBPVVNV
dubem@io6015,FRLTTUHN
dubem@io6016,QGOLKIZG
dubem@io6017,WEVUNHDB
dubem@io6018,IRRIITAG
dubem@io6019,VLBKIVMK
dubem@io6020,DEUDTCPZ
dubem@io6021,KSOZELNJ
dubem@io6022,PNOBUKUC
dubem@io6023,XFAXKSSJ
dubem@io6024,MDLHFWEL
dubem@io6025,MUWWQOJY
dubem@io6026,PRFSIMIF
dubem@io6027,NWWEPHTX
dubem@io6028,GIIPBCMT
dubem@io6029,ZECMTCUJ
dubem@io6030,OUFJXHTP
dubem@io6031,VVCSMDQV
dubem@io6032,KZRCMCAI
dubem@io6033,LUSUBAGQ
dubem@io6034,BMARXQGN
dubem@io6035,SPSHTBFO
dubem@io6036,UUYKORRW
dubem@io6037,CPZRVNGL
dubem@io6038,YOWWCHIS
dubem@io6039,FLEXKNSU
dubem@io6040,PYLQZQSZ
dubem@io6041,WAFBIYVO
dubem@io6042,UYDEKTMZ
dubem@io6043,RMBKTMTO
dubem@io6044,RUGCSDVS
dubem@io6045,JZJASWSI
dubem@io6046,BDZOHTZM
dubem@io6047,YCGVUWVW
dubem@io6048,LQZBONNO
dubem@io6049,JHMWXJKY
dubem@io6050,KMLUVOQY
dubem@io6051,NFTSFQEN
dubem@io6052,RHJIXQYY
dubem@io6053,SVKUJBWR
dubem@io6054,EWMEGRQM
dubem@io6055,SYAKZAUA
dubem@io6056,ISZKRPMB
dubem@io6057,ZPRFGHMR
dubem@io6058,CQFDGDFW
dubem@io6059,OCPPNGEV
dubem@io6060,FHEHXGMA
dubem@io6061,ISEGWADO
dubem@io6062,PFBCBUUD
dubem@io6063,AAGGVAST
dubem@io6064,ONGRKNQL
dubem@io6065,YHGQRWGN
dubem@io6066,FCHHONFY
dubem@io6067,LABOPBPN
dubem@io6068,BKBKVQPD
dubem@io6069,WNLLOCPB
dubem@io6070,KMVHDKVU
dubem@io6071,RZKDIMFS
dubem@io6072,EHIPCBKG
dubem@io6073,CXUBOFHS
dubem@io6074,MNNVJMCE
dubem@io6075,ECVGCZWP
dubem@io6076,JUIJYKMA
dubem@io6077,HRLHBCXQ
dubem@io6078,ZRSMMPFC
dubem@io6079,URVQIDTF
dubem@io6080,RVVYJESR
dubem@io6081,JNHUSAKK
dubem@io6082,VRVSGKEH
dubem@io6083,BCJHBVPP
dubem@io6084,TLDMVNGT
dubem@io6085,MLKQIGAT
dubem@io6086,XGZQDTTD
dubem@io6087,IHPQRFLE
dubem@io6088,OPIYZKHN
dubem@io6089,YBHYMCSX
dubem@io6090,ANKOPPND
dubem@io6091,PWRWURQF
dubem@io6092,NADCPTKD
dubem@io6093,OKKJSBEL
dubem@io6094,TCNGWIKQ
dubem@io6095,BZBDMYSC
dubem@io6096,ZQZPUVKX
dubem@io6097,SRLAVVDZ
dubem@io6098,OOQREPGG
dubem@io6099,JMTOKURL
dubem@io6100,VZOZQAAL
dubem@io6101,DYHZOAEO
dubem@io6102,DWVAMWOJ
dubem@io6103,XOYFYXAY
dubem@io6104,JGBIZNPM
dubem@io6105,PSFAQQGP
dubem@io6106,MTXEYTBD
dubem@io6107,HUSWFYKW
dubem@io6108,BOHMLFKH
dubem@io6109,QBEFYOYN
dubem@io6110,HPVPCIBK
dubem@io6111,DWVJFQZC
dubem@io6112,TVETBDUZ
dubem@io6113,ILZQKUBL
dubem@io6114,WQVDRHQO
dubem@io6115,SSFIXGWI
dubem@io6116,UIPGDHYV
dubem@io6117,YTTNDEAH
dubem@io6118,YHDLZQAO
dubem@io6119,XYKCGKCW
dubem@io6120,PQIJNYGE
dubem@io6121,GLIPKVSE
dubem@io6122,SXZZTVYY
dubem@io6123,MHIXNPYA
dubem@io6124,OOGUWRMY
dubem@io6125,TRUILVNB
dubem@io6126,LFCEJUTW
dubem@io6127,WGPTQDPA
dubem@io6128,OLBSWVNQ
dubem@io6129,LZZXWOGU
dubem@io6130,IUFVZNLV
dubem@io6131,XMECXETX
dubem@io6132,EUTHVXJR
dubem@io6133,RTRQEBWD
dubem@io6134,IBXECGKT
dubem@io6135,QLAEWOEA
dubem@io6136,LAJYDVXQ
dubem@io6137,UZTIMLTM
dubem@io6138,MROATDRL
dubem@io6139,QYCMQIXD
dubem@io6140,BOIYTXFL
dubem@io6141,DDLYYZHP
dubem@io6142,BOGIUKLO
dubem@io6143,EUYLTSTX
dubem@io6144,LSZHEIGL
dubem@io6145,RBQJIYEC
dubem@io6146,PTUHHCSW
dubem@io6147,SJZULNET
dubem@io6148,JUCKONGU
dubem@io6149,JHAUTMMW
dubem@io6150,BINXESTO
dubem@io6151,UHWAEBFI
dubem@io6152,HMSBWPYE
dubem@io6153,BRVPTMKM
dubem@io6154,BVUDWVZJ
dubem@io6155,IEAOEJTY
dubem@io6156,PVLDKPKI
dubem@io6157,DBAQDWQO
dubem@io6158,ZDBJSFYK
dubem@io6159,SRFRNDSJ
dubem@io6160,GLRRDGVE
dubem@io6161,ZHVBVSNF
dubem@io6162,OVMZVUGN
dubem@io6163,CROOEEUP
dubem@io6164,DDCRBHNK
dubem@io6165,BIGOYGQQ
dubem@io6166,FSUEGTDT
dubem@io6167,LPWXXTLH
dubem@io6168,RVFMPHWA
dubem@io6169,ESBIQBEQ
dubem@io6170,EHKYJKHX
dubem@io6171,IGAZGYDK
dubem@io6172,RCTKZTPN
dubem@io6173,TSRJFEXJ
dubem@io6174,QVTOEJWY
dubem@io6175,TUOTVZQC
dubem@io6176,UUFFRQYN
dubem@io6177,GQDJDSBD
dubem@io6178,MHBXMPYH
dubem@io6179,KDZNJDOO
dubem@io6180,AKNJGMXP
dubem@io6181,AFCZQKEM
dubem@io6182,RYQOXGHP
dubem@io6183,CJNQYPOS
dubem@io6184,EHNYTMKW
dubem@io6185,LVZYBDDG
dubem@io6186,BDSCQLKQ
dubem@io6187,XREEOOSM
dubem@io6188,EYVCMQYH
dubem@io6189,DHFYIUQP
dubem@io6190,ROUSNQLZ
dubem@io6191,QOCGDGBC
dubem@io6192,QKRYNESO
dubem@io6193,MFHQDDYE
dubem@io6194,EYNTDNNN
dubem@io6195,GLDAKQWA
dubem@io6196,VPVMIHRL
dubem@io6197,XADZTUNW
dubem@io6198,LVAXZSWU
dubem@io6199,TRPLQEUT
dubem@io6200,ADFZTWYM
dubem@io6201,DFJOJGZR
dubem@io6202,LURQFVCH
dubem@io6203,XHSCCIUI
dubem@io6204,MEJIWCXN
dubem@io6205,NEYIBCLA
dubem@io6206,VHPPLPAM
dubem@io6207,NITAXBLT
dubem@io6208,DTJDWZTX
dubem@io6209,LSTNNBFH
dubem@io6210,RQHSBPIZ
dubem@io6211,JOAEVMGQ
dubem@io6212,MJKMHCBB
dubem@io6213,BSVBBCHO
dubem@io6214,UQZSBRGV
dubem@io6215,KBPIWYEI
dubem@io6216,LHLBQCWS
dubem@io6217,XQUEZHWI
dubem@io6218,MIGAKJPX
dubem@io6219,CDWZCPNG
dubem@io6220,SDLWOTDS
dubem@io6221,WGKPXAOI
dubem@io6222,FWFUDYEQ
dubem@io6223,KLCEDHWS
dubem@io6224,LBZKCAIV
dubem@io6225,NSGMGMJF
dubem@io6226,KJSYJGZV
dubem@io6227,BJMDJKHP
dubem@io6228,JJNAHERX
dubem@io6229,JSMFGTAA
dubem@io6230,DKFEKOAU
dubem@io6231,IIBIHPAC
dubem@io6232,FFISKQML
dubem@io6233,MAQGQOBM
dubem@io6234,JPIMTRCF
dubem@io6235,AFDSSVEV
dubem@io6236,CVGLWDZV
dubem@io6237,ZDRSIYAM
dubem@io6238,SHVEZWOP
dubem@io6239,QZQULQLF
dubem@io6240,KTMTWDVB
dubem@io6241,GKGUGKNG
dubem@io6242,HUMWEKXW
dubem@io6243,GPQMMWKV
dubem@io6244,ALZLDVKN
dubem@io6245,VEUBBAOF
dubem@io6246,JDNIEEUA
dubem@io6247,QTQNZACF
dubem@io6248,APIFUVMK
dubem@io6249,VGXOKVYV
dubem@io6250,WEYWMEUZ
dubem@io6251,JICCAMLQ
dubem@io6252,PYPBCYPI
dubem@io6253,LMITBYXR
dubem@io6254,YKWPGYIY
dubem@io6255,TMBXRNTB
dubem@io6256,LLRRNVJU
dubem@io6257,XIKOPOZT
dubem@io6258,FGFPHNBF
dubem@io6259,CHEYRQDK
dubem@io6260,KQHSBRGG
dubem@io6261,FVFCMAHW
dubem@io6262,GPPRBVRN
dubem@io6263,FGHFTOHR
dubem@io6264,CJANNPDN
dubem@io6265,ATUMBIIS
dubem@io6266,KTJAYCIE
dubem@io6267,RVYFFKLJ
dubem@io6268,AXCHNANP
dubem@io6269,OYFFNXIP
dubem@io6270,DKQNDDCU
dubem@io6271,BKANRIAK
dubem@io6272,PSHNVCRY
dubem@io6273,NODFHXBX
dubem@io6274,NWJHGVHP
dubem@io6275,BTWLDCID
dubem@io6276,ILPQBSNY
dubem@io6277,EEHTJUTA
dubem@io6278,MGMGPEVK
dubem@io6279,DOQJXRJI
dubem@io6280,HSSUOKAR
dubem@io6281,ZZQSAUVP
dubem@io6282,PANZHMPT
dubem@io6283,RBRVROWH
dubem@io6284,ROCUHAWM
dubem@io6285,MKLVKLAZ
dubem@io6286,HGHHDDOV
dubem@io6287,OPVKEIFG
dubem@io6288,ORTQYGCU
dubem@io6289,AUFYWAJB
dubem@io6290,IPWJYCSW
dubem@io6291,WEIFZPXR
dubem@io6292,KXBEJNYP
dubem@io6293,ODNAFEEU
dubem@io6294,KTEFOUEV
dubem@io6295,BPMEKRCK
dubem@io6296,EBAZTAKM
dubem@io6297,PXSNVXYE
dubem@io6298,VRHROODW
dubem@io6299,NJGCEPWT
dubem@io6300,LJXFUBVK
dubem@io6301,HHGZLFAL
dubem@io6302,HKYJBSQL
dubem@io6303,FIUCPCNJ
dubem@io6304,CQCGPAGA
dubem@io6305,LUHNUNTQ
dubem@io6306,TCEEANKP
dubem@io6307,PNKPXXOS
dubem@io6308,WYOCLJVM
dubem@io6309,WWXXKBOL
dubem@io6310,DZKQIBOD
dubem@io6311,MUWPEHTF
dubem@io6312,MOEZNSWG
dubem@io6313,DOLQDXCJ
dubem@io6314,BAUSZJRU
dubem@io6315,BEIQPURE
dubem@io6316,NEDBEMKI
dubem@io6317,CHSCUDGY
dubem@io6318,JQHAUHKE
dubem@io6319,XUZPUYGC
dubem@io6320,BLOGCDEQ
dubem@io6321,XPQOMWUD
dubem@io6322,MFZZQPDG
dubem@io6323,IOLTDISD
dubem@io6324,AJISSSIM
dubem@io6325,VACTQLDX
dubem@io6326,VLDSNDTI
dubem@io6327,UFPOXXRB
dubem@io6328,JTEUTNYV
dubem@io6329,GBBBDUQT
dubem@io6330,RYIKAMPJ
dubem@io6331,QFVCSFOI
dubem@io6332,FRNAXPRC
dubem@io6333,TBPZWVFE
dubem@io6334,LDFCSYVX
dubem@io6335,YMFMDLNN
dubem@io6336,AGELGTIH
dubem@io6337,ODIOEINE
dubem@io6338,SZWFBXDO
dubem@io6339,MTMEIAGJ
dubem@io6340,ERCGHUOF
dubem@io6341,FWZPGZFN
dubem@io6342,GGHNGFEQ
dubem@io6343,IQVTDLZT
dubem@io6344,SLLQMLRI
dubem@io6345,SUNGFAAW
dubem@io6346,OFQGFVFW
dubem@io6347,UVLARFFH
dubem@io6348,FUSFKYXX
dubem@io6349,IYWDIERQ
dubem@io6350,YARBAVSN
dubem@io6351,JUBAXGBM
dubem@io6352,AYXFYIMC
dubem@io6353,TITBWBHC
dubem@io6354,GYJKVWXB
dubem@io6355,KEUAMLIJ
dubem@io6356,CMUBMZLM
dubem@io6357,IZLOUJRG
dubem@io6358,QBVOQDHV
dubem@io6359,GKZVSUDW
dubem@io6360,NNSSKEDW
dubem@io6361,RLTPVSJM
dubem@io6362,YCSZGKJD
dubem@io6363,ZDFZXFBD
dubem@io6364,VWTNLDXJ
dubem@io6365,DDBXBDOO
dubem@io6366,QCEYBPJU
dubem@io6367,YALQMQOI
dubem@io6368,GDPLJSRV
dubem@io6369,OYPEOFQA
dubem@io6370,ZRQODXJZ
dubem@io6371,FVASHTQJ
dubem@io6372,BCWXORZP
dubem@io6373,ZRQIMIWX
dubem@io6374,YBRXXFXS
dubem@io6375,ORQPTNPD
dubem@io6376,NKNFNWRC
dubem@io6377,IPDTNDZR
dubem@io6378,ILWJFZVB
dubem@io6379,HQTSHKXN
dubem@io6380,LNUHZZNO
dubem@io6381,UAQVPEIP
dubem@io6382,WUEVMYYP
dubem@io6383,ILNPJIYT
dubem@io6384,NNDKZALL
dubem@io6385,CEXNKPRZ
dubem@io6386,AAOZWPNJ
dubem@io6387,UOHTOUMA
dubem@io6388,PCCPWJVP
dubem@io6389,WKBYEPWG
dubem@io6390,JHCJBPXZ
dubem@io6391,CNYALNYF
dubem@io6392,HVIMDURO
dubem@io6393,DCMGUEKH
dubem@io6394,YKNBEOPQ
dubem@io6395,TZJTADTX
dubem@io6396,KSWTEPUC
dubem@io6397,UEDIXFPD
dubem@io6398,YNZDGLVI
dubem@io6399,TDTFXZQJ
dubem@io6400,CGXVFYPO
dubem@io6401,SSRUYZFE
dubem@io6402,ZODCSRHB
dubem@io6403,ZYABMGDY
dubem@io6404,SBNINTYO
dubem@io6405,TFVWUSJE
dubem@io6406,QBZRDYVL
dubem@io6407,XLGSPDOH
dubem@io6408,IWERDUMS
dubem@io6409,JGKJFQFD
dubem@io6410,NOFJQLBP
dubem@io6411,RYSABIGA
dubem@io6412,WARCMTNR
dubem@io6413,MYMOQZRN
dubem@io6414,FTMRIMPL
dubem@io6415,ITMKSPPI
dubem@io6416,QGHCHSKR
dubem@io6417,TGKDQIUP
dubem@io6418,JEPEXZMD
dubem@io6419,NQQBGKTC
dubem@io6420,HYIMAWFO
dubem@io6421,RQQWQCXX
dubem@io6422,BNBYJPJT
dubem@io6423,UXXFZCIO
dubem@io6424,ODOAJILR
dubem@io6425,FENAMCMZ
dubem@io6426,NTOWBQMK
dubem@io6427,FQUAHSQX
dubem@io6428,LVQYLRUR
dubem@io6429,JOSNSOMY
dubem@io6430,QWSEOFZF
dubem@io6431,MPHBEYVR
dubem@io6432,REOSPCHV
dubem@io6433,ZIQWRJJF
dubem@io6434,VWUHKXJM
dubem@io6435,HWVIWWYY
dubem@io6436,VHIRQLZZ
dubem@io6437,RXRPKWRR
dubem@io6438,KJFJZSEG
dubem@io6439,JDURKPVX
dubem@io6440,KCKWSJKR
dubem@io6441,AMDDHHOT
dubem@io6442,PGFSGJFQ
dubem@io6443,PRLBOZMY
dubem@io6444,OPPXTFEE
dubem@io6445,CLNKTOFP
dubem@io6446,PYDRQNKR
dubem@io6447,QJAZBHOE
dubem@io6448,PHXODMFC
dubem@io6449,HOGGOVKM
dubem@io6450,TSNFWNRH
dubem@io6451,WLICNLWM
dubem@io6452,ZVOOZUMO
dubem@io6453,KLPFCJBW
dubem@io6454,HDUWDRFL
dubem@io6455,GPBJCYYI
dubem@io6456,OLBWRGGR
dubem@io6457,BRNGKIUL
dubem@io6458,PJKAWDMR
dubem@io6459,TAYQFRLV
dubem@io6460,FZAQBTSR
dubem@io6461,LHMEEYZH
dubem@io6462,DTFNAHMT
dubem@io6463,BBVEGOIJ
dubem@io6464,ISNGEQKT
dubem@io6465,NQTGGYLO
dubem@io6466,QBQRPJZF
dubem@io6467,EGNSTUKF
dubem@io6468,RWRMZWSU
dubem@io6469,XIMPWRKK
dubem@io6470,RGYBVZWS
dubem@io6471,WPRASYLN
dubem@io6472,EYRXPCRN
dubem@io6473,VPFGPLEV
dubem@io6474,ZZULVUKM
dubem@io6475,TUAKFKQU
dubem@io6476,YMCVFJFI
dubem@io6477,GIWJTAMN
dubem@io6478,RLZXNDEE
dubem@io6479,YQQEJZRR
dubem@io6480,FYXHIWNO
dubem@io6481,EJLAGXBN
dubem@io6482,ZKOOEUSN
dubem@io6483,WSFZFSVA
dubem@io6484,RJHLLDJI
dubem@io6485,MKEMPHYA
dubem@io6486,DXSDDTLJ
dubem@io6487,CPQRVFJT
dubem@io6488,KGXGPBMB
dubem@io6489,CFMQWAKJ
dubem@io6490,EORLHVAO
dubem@io6491,BIASAOWN
dubem@io6492,ONFGCHHM
dubem@io6493,HDPZWYOM
dubem@io6494,YSVVIXPJ
dubem@io6495,AEJPGLSM
dubem@io6496,MWZQNVQT
dubem@io6497,QAJZQALJ
dubem@io6498,PSOJJWOV
dubem@io6499,EEJRQJYV
dubem@io6500,PKEAXEGV
dubem@io6501,REOYKJVV
dubem@io6502,EDNAFRXO
dubem@io6503,WKFZDHQO
dubem@io6504,LHYAUJIJ
dubem@io6505,ENKGSLYT
dubem@io6506,NDNRRLAN
dubem@io6507,KPXAFVUZ
dubem@io6508,NZNQWSLR
dubem@io6509,MOVJHJBT
dubem@io6510,NTDJNCVQ
dubem@io6511,UNBNDBHO
dubem@io6512,OZKKGCIK
dubem@io6513,TJUEPMNP
dubem@io6514,YAJMROIY
dubem@io6515,BHZJZAPT
dubem@io6516,RRGOWHWP
dubem@io6517,RHWSEBEZ
dubem@io6518,IKSFGFVR
dubem@io6519,LTCLAWYY
dubem@io6520,VCFNTUAL
dubem@io6521,KQMIWCDT
dubem@io6522,DQKZATBB
dubem@io6523,RGJPOMEO
dubem@io6524,AYPAJZLA
dubem@io6525,UTQAAXXX
dubem@io6526,MYXFASQO
dubem@io6527,FVIUGTQC
dubem@io6528,AMHNJULA
dubem@io6529,BJBJKDHL
dubem@io6530,WRQUFOBZ
dubem@io6531,PXCOIGML
dubem@io6532,DZINPLPJ
dubem@io6533,WNHFEVPY
dubem@io6534,OPTEGHKV
dubem@io6535,FLPROUXA
dubem@io6536,FDKNCQGZ
dubem@io6537,KFASGADM
dubem@io6538,AQPPPWHU
dubem@io6539,ODGLKCKR
dubem@io6540,PCVFVUPZ
dubem@io6541,CXKZHMKV
dubem@io6542,HXMINGZI
dubem@io6543,ADMDKEXR
dubem@io6544,RSAMPGZE
dubem@io6545,CUZSKVTQ
dubem@io6546,XYAAQMMQ
dubem@io6547,INARQLBY
dubem@io6548,QSSUARST
dubem@io6549,CSDTQUPB
dubem@io6550,SOJADXJN
dubem@io6551,DTDWDDKB
dubem@io6552,BYFDAORV
dubem@io6553,MOWWSZEO
dubem@io6554,DJRMUTRG
dubem@io6555,GBMSQEZA
dubem@io6556,UKDXTZCR
dubem@io6557,RFUIRJVW
dubem@io6558,PRFCNQFO
dubem@io6559,BPSSJLHO
dubem@io6560,OYCBYDOX
dubem@io6561,QKWITUIL
dubem@io6562,WRNMUJUI
dubem@io6563,CFNMXCDI
dubem@io6564,QBUZYZMK
dubem@io6565,YTJTPVGH
dubem@io6566,HLZALOYJ
dubem@io6567,JUGMEQAE
dubem@io6568,DNTFFSXI
dubem@io6569,NDPXJXZH
dubem@io6570,TBRARBDM
dubem@io6571,WBEFCKKC
dubem@io6572,WFXXCFJN
dubem@io6573,TBPVNHSH
dubem@io6574,JWZOVPFS
dubem@io6575,NMKHOUUK
dubem@io6576,ZSDXDMNF
dubem@io6577,AWRBODSV
dubem@io6578,ZINATXKM
dubem@io6579,AHFPDVPZ
dubem@io6580,CYYJNYST
dubem@io6581,LFGLIZOD
dubem@io6582,QEVURDLL
dubem@io6583,ITBYTHQS
dubem@io6584,OCXIBELB
dubem@io6585,JQUABGYY
dubem@io6586,NHXJFUBT
dubem@io6587,YOLIUOHU
dubem@io6588,ZHWYQMQA
dubem@io6589,SSUSRQPJ
dubem@io6590,LHRCCBRQ
dubem@io6591,BXEQAQXP
dubem@io6592,BVWOZFIB
dubem@io6593,OJRYSIZP
dubem@io6594,JFDABNII
dubem@io6595,MRXXQJCZ
dubem@io6596,QVPLEDKJ
dubem@io6597,EGASJXAF
dubem@io6598,GXHPSCEN
dubem@io6599,QMMNTQRI
dubem@io6600,IRWBVXNL
dubem@io6601,BPWAZSRP
dubem@io6602,JCSQFKFA
dubem@io6603,JGVAKEFZ
dubem@io6604,BROPSHSD
dubem@io6605,OWTULEGI
dubem@io6606,WXDATFGM
dubem@io6607,QQPTAJQK
dubem@io6608,SKBZMQWR
dubem@io6609,HDFNFBPR
dubem@io6610,YXYLZBOZ
dubem@io6611,FOGHBQQS
dubem@io6612,GCTTDSPY
dubem@io6613,IDSPLCBH
dubem@io6614,XBLJAZOJ
dubem@io6615,DCQJXJNN
dubem@io6616,TPFIOPBK
dubem@io6617,OVKWDMPJ
dubem@io6618,IUWPUGNQ
dubem@io6619,MKPXBAUS
dubem@io6620,TSDMTJYU
dubem@io6621,ZFFVJJZK
dubem@io6622,OIYTBTGR
dubem@io6623,ETADWHYA
dubem@io6624,XJKGMSWI
dubem@io6625,ZMHLSKPC
dubem@io6626,UHSIEFPV
dubem@io6627,IXHCFXDN
dubem@io6628,BRJRHSJV
dubem@io6629,KUIABYQE
dubem@io6630,MLYWUBUU
dubem@io6631,TAELZQMM
dubem@io6632,SGGPZCVI
dubem@io6633,QGOAODSI
dubem@io6634,ORNXSZLP
dubem@io6635,CYKVPVVY
dubem@io6636,UPBVBSXA
dubem@io6637,CPRAZJGM
dubem@io6638,UUXZRWXH
dubem@io6639,PJXRCCHK
dubem@io6640,QZYMZWUA
dubem@io6641,XKEPQHCY
dubem@io6642,FIIRWYCW
dubem@io6643,EBJJADLN
dubem@io6644,ABJFCLEU
dubem@io6645,ONBXZTBT
dubem@io6646,ERZRPKCB
dubem@io6647,ZNWOLSXT
dubem@io6648,RJDNMDLL
dubem@io6649,XYXOVFWW
dubem@io6650,FOBIEKJZ
dubem@io6651,KVZXTQLT
dubem@io6652,FOAJMNZY
dubem@io6653,MIQDUFDP
dubem@io6654,ZXMECZOQ
dubem@io6655,AWUBQIMZ
dubem@io6656,UGEWWBWN
dubem@io6657,QARUZJGV
dubem@io6658,ZMEUIFQO
dubem@io6659,LSYLSOYT
dubem@io6660,CRMPTNCE
dubem@io6661,NQDYKDXD
dubem@io6662,OHKYHIVS
dubem@io6663,HNTLEPNN
dubem@io6664,YWMIMNXT
dubem@io6665,OESFBIMZ
dubem@io6666,TYICTTNK
dubem@io6667,DGNMCBPQ
dubem@io6668,LBFQBEAO
dubem@io6669,WKYWGKXP
dubem@io6670,ASDLBHUE
dubem@io6671,BNQBUWAB
dubem@io6672,LMEIXGEV
dubem@io6673,GWOWZVMR
dubem@io6674,WURJZSVT
dubem@io6675,SBHRJZOH
dubem@io6676,ICLKERJS
dubem@io6677,DHKDHLNJ
dubem@io6678,YSNGTNPW
dubem@io6679,RAZTSZJV
dubem@io6680,ZWGMLULG
dubem@io6681,NUIXCKJH
dubem@io6682,TJRAIZMW
dubem@io6683,WYGEKEDF
dubem@io6684,BDMVMFPA
dubem@io6685,BLVRRYBP
dubem@io6686,QOMGFANO
dubem@io6687,FTGTWXCD
dubem@io6688,MHMVOJKX
dubem@io6689,IJMLJAME
dubem@io6690,MEWWHECW
dubem@io6691,DGVKHLRZ
dubem@io6692,PHOOSVJM
dubem@io6693,AQXPPHWP
dubem@io6694,TATHGQOA
dubem@io6695,REZCSURR
dubem@io6696,XGEMMUMS
dubem@io6697,DAJQOUXF
dubem@io6698,BSPMHXCN
dubem@io6699,JFCPJKCD
dubem@io6700,GNEJVZTM
dubem@io6701,NWUESSLQ
dubem@io6702,VVXHKYCU
dubem@io6703,RGRWPIIV
dubem@io6704,KPYZIXBW
dubem@io6705,BDPGLPVL
dubem@io6706,PWHZOHOG
dubem@io6707,ATJROJXI
dubem@io6708,ZLMJIHEV
dubem@io6709,LZBQSZPH
dubem@io6710,IDTMLOFP
dubem@io6711,AFTCDXGC
dubem@io6712,RVBMJPKK
dubem@io6713,PPRKEISQ
dubem@io6714,RIREQTWV
dubem@io6715,JVIFWXZX
dubem@io6716,TOHNCTLT
dubem@io6717,YKZOWXWY
dubem@io6718,THUIBBXD
dubem@io6719,XWFXRSKF
dubem@io6720,HIKOCDAA
dubem@io6721,QLBVUHDO
dubem@io6722,DXTIGPQE
dubem@io6723,EVXQJCTI
dubem@io6724,CHTWDNXI
dubem@io6725,PEWHYIXN
dubem@io6726,QLYOIFSP
dubem@io6727,IJAZDJBL
dubem@io6728,RUFLOPTB
dubem@io6729,KVEDZGEQ
dubem@io6730,GCIVEUIK
dubem@io6731,KANOESCS
dubem@io6732,KCIJEXCB
dubem@io6733,RBVPDORS
dubem@io6734,SASDUWII
dubem@io6735,RSBIJDOM
dubem@io6736,FNCQDIXC
dubem@io6737,KTDTQSXH
dubem@io6738,ZTTQBNWC
dubem@io6739,CGIGJMMZ
dubem@io6740,XIXAHDBD
dubem@io6741,JZWBWNAB
dubem@io6742,DZDCIVKW
dubem@io6743,OQHSFECK
dubem@io6744,AYTCTCHE
dubem@io6745,EWUKVWUN
dubem@io6746,AKZABVMZ
dubem@io6747,WAHOXOWN
dubem@io6748,TICBTYEP
dubem@io6749,VOUNJUEM
dubem@io6750,RXIZDNSP
dubem@io6751,KDEJQTCK
dubem@io6752,LFJAJXKV
dubem@io6753,HPCHSSUC
dubem@io6754,ZVZAEMBD
dubem@io6755,SIRSQMGE
dubem@io6756,EVLHBOTR
dubem@io6757,JOJTIMEB
dubem@io6758,RFLPNETK
dubem@io6759,TONJCBAZ
dubem@io6760,GRJOXSXM
dubem@io6761,RYIBXUTL
dubem@io6762,HCMREOQV
dubem@io6763,NYOANMXY
dubem@io6764,BOMDKIJN
dubem@io6765,OQQFBCEY
dubem@io6766,FTAASPLX
dubem@io6767,HWYQXCZE
dubem@io6768,MUSBZLSF
dubem@io6769,EJAGIGEY
dubem@io6770,QFBBJFLQ
dubem@io6771,UNMTGFUX
dubem@io6772,WZQXIURJ
dubem@io6773,ENNKEPKD
dubem@io6774,NSPLGUII
dubem@io6775,PLIKBZUH
dubem@io6776,VKFVZZKM
dubem@io6777,YNQDOWDA
dubem@io6778,HVXTKJKN
dubem@io6779,UKJFIOCI
dubem@io6780,EEDSZENP
dubem@io6781,DFYFGKGO
dubem@io6782,CURDYDDR
dubem@io6783,NRUFPRRX
dubem@io6784,WTBRYBWI
dubem@io6785,PWCRBORP
dubem@io6786,TROHDRBE
dubem@io6787,BGNUKKLU
dubem@io6788,AZMSFWGQ
dubem@io6789,ACSUITFM
dubem@io6790,USHPYHAZ
dubem@io6791,QGPHRZYJ
dubem@io6792,VLAGNVVV
dubem@io6793,CMZDBPQQ
dubem@io6794,VVJXLOGL
dubem@io6795,CUHANDIH
dubem@io6796,XWWIHGAH
dubem@io6797,NGFEYAPZ
dubem@io6798,QREQHUDV
dubem@io6799,SKDUNKEL
dubem@io6800,ITKNROCZ
dubem@io6801,GOXZRYNG
dubem@io6802,MBBJFVNK
dubem@io6803,KHUZPDBV
dubem@io6804,LOPWIPKK
dubem@io6805,LSWLAEMW
dubem@io6806,PTUKASHS
dubem@io6807,SAXBMGAC
dubem@io6808,VVSHGSRI
dubem@io6809,HEYSKYOG
dubem@io6810,ORMOTFTS
dubem@io6811,TEGPWOAA
dubem@io6812,OSYDLJPT
dubem@io6813,BFBPIDZK
dubem@io6814,QUQNUWWK
dubem@io6815,TOUZCUXM
dubem@io6816,QDDHZGMF
dubem@io6817,QXUYCWKY
dubem@io6818,ARZYRAZV
dubem@io6819,SUKJXXMX
dubem@io6820,GHHKZYBF
dubem@io6821,RSPFGGLN
dubem@io6822,RTTVCXXN
dubem@io6823,ZMKGJDFK
dubem@io6824,ZVCMWSTD
dubem@io6825,WEHBZZJW
dubem@io6826,MCGVHMMY
dubem@io6827,MSLGLYHN
dubem@io6828,HATXCZYS
dubem@io6829,TCUSTYOX
dubem@io6830,GDBOLNAN
dubem@io6831,SELGJFDW
dubem@io6832,KNJCSXTD
dubem@io6833,AKOJIMWP
dubem@io6834,HGRFZKRN
dubem@io6835,HLTMQXUD
dubem@io6836,CMIYSKWC
dubem@io6837,IMKEFMTL
dubem@io6838,OGBECLTS
dubem@io6839,PRAHRQXA
dubem@io6840,KQTRYZDE
dubem@io6841,SSEPOMRO
dubem@io6842,JBMBEWBB
dubem@io6843,CWGRJEOW
dubem@io6844,PTRADCLR
dubem@io6845,ODRLHTGT
dubem@io6846,QIDWDGVS
dubem@io6847,QZNUOCTY
dubem@io6848,HZUHZOVD
dubem@io6849,VJQHIQNK
dubem@io6850,IIATVHGB
dubem@io6851,FGHRTLRR
dubem@io6852,UJIBYGBM
dubem@io6853,HFDJMTVL
dubem@io6854,TPHCMUAC
dubem@io6855,UUUMIGKR
dubem@io6856,NAAWQRLN
dubem@io6857,CAJUBRUY
dubem@io6858,DTKFCXAN
dubem@io6859,NYEXCHTJ
dubem@io6860,YFJQGWJT
dubem@io6861,HOAVNMLC
dubem@io6862,ZWENMZVU
dubem@io6863,HYSMRMGF
dubem@io6864,PTFVIHAG
dubem@io6865,LUVZVOML
dubem@io6866,MYOEFDLI
dubem@io6867,VXRJJQPX
dubem@io6868,IFUEUJMD
dubem@io6869,LPRJLFBF
dubem@io6870,KRTWOSII
dubem@io6871,IAJINEMR
dubem@io6872,RUYCORLE
dubem@io6873,HGKRLZXV
dubem@io6874,QRZLXLSE
dubem@io6875,XUESEKNZ
dubem@io6876,AORSBYBM
dubem@io6877,FYWKEDLI
dubem@io6878,CQMZFHGM
dubem@io6879,EGTTSBOF
dubem@io6880,AFOHZGVA
dubem@io6881,POEEXMAR
dubem@io6882,LSSKKEJU
dubem@io6883,YZNIBFIS
dubem@io6884,DJOZCNWJ
dubem@io6885,HYVYWOPM
dubem@io6886,IFLSEWGT
dubem@io6887,VFDWTAQR
dubem@io6888,VWAJQBNI
dubem@io6889,ZFXVBTZC
dubem@io6890,FKMGAZIC
dubem@io6891,EMQLBCET
dubem@io6892,SJGUKIKQ
dubem@io6893,ZSIKGGJG
dubem@io6894,UFXVVJRH
dubem@io6895,RVCHUZBF
dubem@io6896,XKNRAYHZ
dubem@io6897,BTZBGUDV
dubem@io6898,VAHUAIUP
dubem@io6899,IXERTEYZ
dubem@io6900,CZVUAZBH
dubem@io6901,YYDEIONS
dubem@io6902,ZHDLISQK
dubem@io6903,QGKJIAMN
dubem@io6904,DKIYIZZF
dubem@io6905,VZJTQRPD
dubem@io6906,ZJMOKDFZ
dubem@io6907,BBVTFCTV
dubem@io6908,VZPRNHVR
dubem@io6909,SRFWAYNE
dubem@io6910,MGJHZHBX
dubem@io6911,PUAOCLYC
dubem@io6912,TEPIRZBM
dubem@io6913,RHNGFGDB
dubem@io6914,KNYFVCLK
dubem@io6915,DCTQMJOQ
dubem@io6916,GWSBJAQX
dubem@io6917,JLMVLRJW
dubem@io6918,WKULHBHY
dubem@io6919,CYZQBAOI
dubem@io6920,OXJQRXLA
dubem@io6921,AQVWDVBP
dubem@io6922,SOJYJOXT
dubem@io6923,QKALLYRP
dubem@io6924,AGOQOJBK
dubem@io6925,SUUSEWEG
dubem@io6926,HWTQIXHW
dubem@io6927,CQGIABPA
dubem@io6928,PBFEMXBU
dubem@io6929,OJKWGHPH
dubem@io6930,DEEDGWZY
dubem@io6931,REYNDOYU
dubem@io6932,ACONPFWT
dubem@io6933,KNMXGTHG
dubem@io6934,MZKDLDCH
dubem@io6935,JNNTBNRR
dubem@io6936,OZTLGGVB
dubem@io6937,YXMFDKES
dubem@io6938,AOBOYZDD
dubem@io6939,PZERJETN
dubem@io6940,LRQXZIZC
dubem@io6941,HPVBSKTJ
dubem@io6942,FSNNPNTA
dubem@io6943,CBRPZJOQ
dubem@io6944,SUYTHZLO
dubem@io6945,XQSFFIQK
dubem@io6946,XGTATYSF
dubem@io6947,RFCZXCFY
dubem@io6948,AKMGPNJE
dubem@io6949,CWFTVEGP
dubem@io6950,YIRSTIZY
dubem@io6951,HEIPOGIP
dubem@io6952,BJCRVRSA
dubem@io6953,SJQKHBDE
dubem@io6954,VSOGYMDX
dubem@io6955,NHURFXRZ
dubem@io6956,STLLAMFS
dubem@io6957,EPTGEBBX
dubem@io6958,ERJTCXKZ
dubem@io6959,NIGPBSBB
dubem@io6960,SARSNQTI
dubem@io6961,PVMVEUKC
dubem@io6962,JKEBPSSS
dubem@io6963,FHWWTIWF
dubem@io6964,HCJDUJIE
dubem@io6965,AYFPMZVQ
dubem@io6966,WHWZSZZR
dubem@io6967,YNOWHLFI
dubem@io6968,HPRLCMAU
dubem@io6969,RZSAOANS
dubem@io6970,PBGEREEQ
dubem@io6971,XLQLBDRY
dubem@io6972,DNYUHRBK
dubem@io6973,MBFZQNNE
dubem@io6974,XYNWOWYC
dubem@io6975,ABXEGFKF
dubem@io6976,GWBZNBSP
dubem@io6977,ZRMDZWNG
dubem@io6978,PEBYIMLI
dubem@io6979,XQMMNGJN
dubem@io6980,IVYPBDKY
dubem@io6981,DFMYMJLA
dubem@io6982,NVVCTPFG
dubem@io6983,DVAHBZRW
dubem@io6984,QVLEAUQE
dubem@io6985,ANMCDMAM
dubem@io6986,MTRHCMLI
dubem@io6987,MHQZPLJL
dubem@io6988,UDZHEDPG
dubem@io6989,ATEULEUQ
dubem@io6990,OFIFGARA
dubem@io6991,PZBQRATH
dubem@io6992,AEEKHERB
dubem@io6993,AHWBUXMJ
dubem@io6994,ICQSKSVJ
dubem@io6995,QHTCNRBN
dubem@io6996,DKPJUNOE
dubem@io6997,DWZEGBUX
dubem@io6998,XZHEVLIR
dubem@io6999,JPBWCGJH
dubem@io7000,OKQLVIDY